t_ms,o,h,l,c,v
1679529600000,1.314,1.4906,1.2714,1.3218,2536020.2000000002
1679616000000,1.3228,1.5665,1.1734,1.2731,9789390.5
1679702400000,1.2721,1.3143,1.1789,1.2177,6802613.7000000002
1679788800000,1.2193,1.3463,1.202,1.2819,5665538.4000000004
1679875200000,1.2817,1.3258,1.115,1.1649,4693178.0999999996
1679961600000,1.1647,1.224,1.1092,1.2204,4422242.2999999998
1680048000000,1.2201,1.2761,1.1941,1.2255,3918277.8999999999
1680134400000,1.2254,1.4295,1.2231,1.3799,7066493.0999999996
1680220800000,1.3796,1.4443,1.3291,1.3896,6992960.5999999996
1680307200000,1.3899,1.4026,1.25175,1.2926,4486920.0999999996
1680393600000,1.2927,1.2981,1.1321,1.2,6465771.9000000004
1680480000000,1.2004,1.2268,1.096,1.1521,6911583.2000000002
1680566400000,1.1522,1.2648,1.147,1.2335,5461513.5
1680652800000,1.2337,1.2895,1.2038,1.2422,4482974.2999999998
1680739200000,1.2419,1.2442,1.1798,1.2143,3532231.2999999998
1680825600000,1.2146,1.2469,1.1818,1.1961,2815617.7999999998
1680912000000,1.1962,1.2096,1.1514,1.1618,1625352.6000000001
1680998400000,1.1615,1.1981,1.1446,1.1806,2781235.5
1681084800000,1.1808,1.254,1.1617,1.242,3544285.0
1681171200000,1.2421,1.259,1.205,1.2162,3348252.5
1681257600000,1.2172,1.2197,1.1537,1.1929,7772813.0999999996
1681344000000,1.193,1.3771,1.1774,1.369,8816528.0999999996
1681430400000,1.3684,1.7475,1.3681,1.6987,21220273.3999999985
1681516800000,1.6986,1.7616,1.6052,1.655,9887737.9000000004
1681603200000,1.6549,1.7239,1.571,1.6973,6797614.2000000002
1681689600000,1.6968,1.7005,1.5799,1.6102,6184448.7000000002
1681776000000,1.6101,1.7874,1.5849,1.6741,6423156.5999999996
1681862400000,1.6738,1.6977,1.4541,1.4888,8614144.0
1681948800000,1.4879,1.5405,1.4022,1.4415,9672418.0
1682035200000,1.4416,1.5,1.4085,1.4708,7780340.2000000002
1682121600000,1.4686,1.4999,1.423,1.4639,5314526.0
1682208000000,1.4638,1.4638,1.2963,1.3401,4195149.2999999998
1682294400000,1.3397,1.3673,1.2793,1.3375,5648775.9000000004
1682380800000,1.3376,1.3866,1.2935,1.3786,7605479.0
1682467200000,1.379,1.5033,1.3169,1.3834,9658696.6999999993
1682553600000,1.3838,1.4524,1.3747,1.4225,8781074.6999999993
1682640000000,1.4228,1.4426,1.3603,1.3795,4827593.0
1682726400000,1.3796,1.3938,1.3288,1.3665,2576528.7999999998
1682812800000,1.3667,1.4252,1.3458,1.3672,3224830.7999999998
1682899200000,1.3673,1.387,1.2867,1.3179,3165343.8999999999
1682985600000,1.3179,1.3589,1.3072,1.3477,3246988.5
1683072000000,1.3478,1.3631,1.2955,1.3421,2787949.3999999999
1683158400000,1.3415,1.3642,1.3072,1.318,2183567.2999999998
1683244800000,1.318,1.3652,1.2916,1.3551,2382274.7999999998
1683331200000,1.3551,1.3672,1.2154,1.2387,2644049.0
1683417600000,1.2389,1.2593,1.2161,1.2197,2019182.1000000001
1683504000000,1.2186,1.2295,1.0131,1.0936,7023081.9000000004
1683590400000,1.0938,1.1191,1.0767,1.1024,3738051.3999999999
1683676800000,1.1028,1.2037,1.0999,1.1712,10429273.1999999993
1683763200000,1.1702,1.1714,1.0501,1.088,9207038.8000000007
1683849600000,1.0884,1.1766,1.0623,1.1713,14050699.1999999993
1683936000000,1.1711,1.1908,1.1436,1.169,7475941.7000000002
1684022400000,1.1691,1.2066,1.1434,1.1699,6964866.7000000002
1684108800000,1.1697,1.2288,1.1472,1.1877,10009296.6999999993
1684195200000,1.1876,1.2116,1.1629,1.1797,4926310.7999999998
1684281600000,1.1797,1.2118,1.1309,1.1978,6326656.0999999996
1684368000000,1.1979,1.2138,1.1253,1.155,8358112.2000000002
1684454400000,1.1552,1.173,1.1412,1.1633,4921628.0999999996
1684540800000,1.163,1.1683,1.1492,1.1635,3193054.8999999999
1684627200000,1.1632,1.1704,1.1087,1.1267,5145704.7000000002
1684713600000,1.1266,1.1393,1.1047,1.1247,6165508.5
1684800000000,1.125,1.179,1.1184,1.1661,7668638.0
1684886400000,1.1663,1.1667,1.0798,1.109,14300819.6999999993
1684972800000,1.1089,1.1154,1.0668,1.1068,13645768.8000000007
1685059200000,1.1061,1.1792,1.1026,1.1575,17256995.1999999993
1685145600000,1.1573,1.178,1.1502,1.1716,16292385.8000000007
1685232000000,1.1716,1.2598,1.1642,1.2477,31577800.6999999993
1685318400000,1.2475,1.2793,1.2051,1.2256,57587798.299999997
1685404800000,1.2257,1.2477,1.2072,1.218,19562772.8000000007
1685491200000,1.2174,1.2356,1.138,1.16,20077269.8000000007
1685577600000,1.1601,1.1665,1.1275,1.1451,16850958.3000000007
1685664000000,1.1457,1.2558,1.1349,1.2407,36219345.5
1685750400000,1.2404,1.2563,1.2037,1.2161,10028778.1999999993
1685836800000,1.216,1.2362,1.2005,1.2069,7909491.2000000002
1685923200000,1.206,1.206,1.0539,1.1381,32050827.3000000007
1686009600000,1.1348,1.1977,1.1041,1.1882,43481141.1000000015
1686096000000,1.1886,1.1945,1.1153,1.1253,24381568.1000000015
1686182400000,1.1254,1.1506,1.1048,1.128,67239625.5
1686268800000,1.1281,1.1528,1.114,1.1302,49153743.0
1686355200000,1.1309,1.1332,0.92576,0.99259,156976317.900000006
1686441600000,0.99308,1.0167,0.9736,0.99169,50603501.799999997
1686528000000,0.99142,0.99776,0.95422,0.97758,95453724.900000006
1686614400000,0.97848,1.0332,0.9679,0.98688,6507209.4000000004
1686700800000,0.98983,1.0076,0.92085,0.94107,555583.1
1686787200000,0.94061,0.95995,0.90942,0.94956,871647.4
1686873600000,0.94762,0.98593,0.92173,0.97533,342815.4
1686960000000,0.9748,1.013,0.96587,0.99369,280293.5
1687046400000,0.99245,1.0234,0.98251,0.99424,410241.0
1687132800000,0.99246,1.017,0.98585,1.0077,286826.2
1687219200000,1.007,1.0883,0.98453,1.0827,395556.7
1687305600000,1.0826,1.1492,1.0766,1.1405,399749.1
1687392000000,1.14,1.1738,1.0825,1.0889,553539.9
1687478400000,1.0874,1.1603,1.0872,1.1348,910695.2
1687564800000,1.1345,1.1346,1.0526,1.0792,359506.0
1687651200000,1.0798,1.1365,1.0734,1.1127,442189.6
1687737600000,1.1128,1.1733,1.0831,1.1396,367233.1
1687824000000,1.1393,1.2449,1.1369,1.2067,463532.2
1687910400000,1.2045,1.2045,1.0866,1.121,434813.4
1687996800000,1.1204,1.1676,1.1185,1.1284,519001.4
1688083200000,1.129,1.197,1.0575,1.1646,722483.1
1688169600000,1.1634,1.1706,1.1333,1.1516,310013.6
1688256000000,1.1511,1.1617,1.1167,1.1507,358567.3
1688342400000,1.1512,1.1837,1.1483,1.1693,418499.2
1688428800000,1.1687,1.1982,1.1428,1.1486,289936.6
1688515200000,1.1497,1.1568,1.0929,1.1113,400378.5
1688601600000,1.1104,1.1427,1.0681,1.0682,896815.8
1688688000000,1.0673,1.1326,1.0574,1.1313,394117.5
1688774400000,1.1315,1.1495,1.11,1.1249,281237.0
1688860800000,1.125,1.1419,1.1205,1.1242,356536.4
1688947200000,1.1243,1.1432,1.0963,1.1197,467808.3
1689033600000,1.1187,1.1336,1.1106,1.1261,280048.6
1689120000000,1.1265,1.1386,1.1096,1.1216,328690.2
1689206400000,1.1206,1.2471,1.112,1.224,302579.8
1689292800000,1.2242,1.3303,1.1659,1.2141,926968.0
1689379200000,1.2142,1.3343,1.205,1.2717,445986.2
1689465600000,1.2707,1.3088,1.2345,1.2717,373629.2
1689552000000,1.2714,1.3503,1.2518,1.3042,614176.4
1689638400000,1.3055,1.33,1.222,1.245,325401.1
1689724800000,1.2449,1.2976,1.2291,1.2658,329643.0
1689811200000,1.2667,1.3114,1.2473,1.26,351936.4
1689897600000,1.261,1.298,1.2323,1.2332,331297.9
1689984000000,1.2329,1.2516,1.214,1.2255,192544.1
1690070400000,1.2251,1.2687,1.2173,1.2508,300316.3
1690156800000,1.2509,1.2531,1.1664,1.1865,270457.5
1690243200000,1.1852,1.1949,1.1567,1.1681,190804.2
1690329600000,1.1681,1.2053,1.1475,1.1978,441232.5
1690416000000,1.1975,1.2078,1.1672,1.1726,363395.3
1690502400000,1.1714,1.1812,1.1559,1.1734,314267.1
1690588800000,1.1736,1.1839,1.171,1.1817,244221.0
1690675200000,1.182,1.1889,1.137,1.1583,516653.3
1690761600000,1.1573,1.1936,1.1511,1.1693,321231.1
1690848000000,1.1682,1.1754,1.1228,1.1622,229481.7
1690934400000,1.1624,1.1745,1.1246,1.1329,292880.4
1691020800000,1.1327,1.1518,1.119,1.1288,1053018.6000000001
1691107200000,1.129,1.1665,1.1285,1.1581,819232.8
1691193600000,1.1577,1.1599,1.1333,1.1372,311508.1
1691280000000,1.1374,1.1472,1.1293,1.1384,191473.0
1691366400000,1.138,1.1542,1.1095,1.1347,256845.2
1691452800000,1.1343,1.174,1.1318,1.1602,652640.4
1691539200000,1.1596,1.1952,1.1596,1.176,641148.2
1691625600000,1.1759,1.1888,1.1547,1.1602,334953.0
1691712000000,1.1605,1.1645,1.1525,1.1589,306420.7
1691798400000,1.1593,1.1674,1.1551,1.1634,208487.8
1691884800000,1.1637,1.1684,1.1403,1.1421,208996.6
1691971200000,1.1409,1.1532,1.1327,1.1418,193678.4
1692057600000,1.1422,1.1664,1.1149,1.1297,385016.5
1692144000000,1.1286,1.1348,1.0223,1.0492,691097.4
1692230400000,1.0491,1.0672,0.89306,0.98353,1003846.5
1692316800000,0.9837,1.0258,0.97899,1.0067,1094338.7
1692403200000,1.0057,1.0325,1.0039,1.0208,443189.0
1692489600000,1.0201,1.0403,1.0157,1.0285,392561.7
1692576000000,1.0286,1.0335,0.97789,0.99373,423979.7
1692662400000,0.99367,1.0041,0.94213,0.98066,473950.4
1692748800000,0.98177,1.0256,0.97597,1.0082,366094.7
1692835200000,1.0079,1.0139,0.96343,0.98054,295298.2
1692921600000,0.98011,0.98011,0.9315,0.94895,510767.3
1693008000000,0.94779,0.9539,0.93762,0.95044,226007.2
1693094400000,0.94999,0.96405,0.94535,0.95846,92181.9
1693180800000,0.95781,0.96029,0.92103,0.95006,313419.3
1693267200000,0.95006,0.99577,0.93282,0.9707,258035.4
1693353600000,0.97058,0.97141,0.93753,0.94188,204003.2
1693440000000,0.94103,0.95765,0.90281,0.91556,511459.1
1693526400000,0.91588,0.92849,0.87039,0.88382,348320.5
1693612800000,0.88412,0.89468,0.87432,0.88822,226047.1
1693699200000,0.88789,0.90922,0.87963,0.90436,205798.6
1693785600000,0.90469,0.92618,0.88426,0.89618,307651.3
1693872000000,0.89671,0.91201,0.88375,0.9008,383890.4
1693958400000,0.9012,0.91029,0.88354,0.90122,282086.7
1694044800000,0.90099,0.92046,0.89653,0.91265,262990.0
1694131200000,0.91336,0.92089,0.89356,0.90143,191702.4
1694217600000,0.90113,0.90293,0.89454,0.89767,122580.8
1694304000000,0.89802,0.89802,0.83166,0.8431,577749.0
1694390400000,0.84325,0.84737,0.7393,0.76212,2537878.3999999999
1694476800000,0.76136,0.79946,0.75347,0.78265,1356343.0
1694563200000,0.783,0.82169,0.77354,0.78566,639870.4
1694649600000,0.78541,0.82,0.78251,0.80363,472445.2
1694736000000,0.80377,0.8142,0.78496,0.80745,823942.9
1694822400000,0.80917,0.83687,0.80685,0.8279,666551.4
1694908800000,0.82668,0.82698,0.78093,0.79392,887612.4
1694995200000,0.79391,0.84122,0.78414,0.82309,1355706.8999999999
1695081600000,0.82323,0.86475,0.81913,0.86432,474854.8
1695168000000,0.86441,0.87103,0.83619,0.86115,416298.9
1695254400000,0.86089,0.8662,0.81,0.82278,1409148.0
1695340800000,0.82325,0.84783,0.81626,0.83996,357642.7
1695427200000,0.8401,0.84878,0.81692,0.8208,361470.3
1695513600000,0.8207,0.83127,0.80439,0.80695,337841.6
1695600000000,0.80664,0.8196,0.8016,0.80596,549859.3
1695686400000,0.80661,0.82637,0.8045,0.82595,345643.1
1695772800000,0.82637,0.84422,0.8112,0.81844,593951.6
1695859200000,0.81773,0.90223,0.81618,0.89282,369809.2
1695945600000,0.89239,0.91285,0.88195,0.90258,623823.9
1696032000000,0.90188,0.92441,0.89163,0.9072,313414.6
1696118400000,0.90725,0.98048,0.90629,0.9677,285215.7
1696204800000,0.96906,0.98687,0.90946,0.93103,176429.6
1696291200000,0.93125,0.9446,0.9016,0.90562,227980.7
1696377600000,0.90636,0.90717,0.85701,0.88392,606054.4
1696464000000,0.88405,0.89233,0.85309,0.85728,243545.2
1696550400000,0.85688,0.89652,0.85688,0.88971,323759.4
1696636800000,0.88921,0.89503,0.86508,0.86866,163513.2
1696723200000,0.86846,0.87486,0.83876,0.84709,243445.5
1696809600000,0.84675,0.85632,0.79371,0.81892,365795.2
1696896000000,0.81868,0.82993,0.81304,0.82311,223042.7
1696982400000,0.82298,0.8266,0.79871,0.81577,268744.1
1697068800000,0.81548,0.82838,0.79094,0.80322,1051908.3
1697155200000,0.80396,0.81789,0.79728,0.80654,1558357.0
1697241600000,0.80717,0.81319,0.80157,0.80283,385588.2
1697328000000,0.80269,0.81075,0.7977,0.80337,243473.7
1697414400000,0.80365,0.84492,0.80362,0.8189,289896.5
1697500800000,0.8197,0.82101,0.7792,0.78349,202919.0
1697587200000,0.78338,0.79717,0.77425,0.78214,275366.5
1697673600000,0.78215,0.7845,0.76397,0.76877,327123.9
1697760000000,0.76918,0.81112,0.76745,0.79989,786529.4
1697846400000,0.79969,0.84053,0.79512,0.83307,450702.1
1697932800000,0.8325,0.85292,0.81716,0.85228,1010389.4
1698019200000,0.85293,0.88746,0.82994,0.8852,1486703.6000000001
1698105600000,0.88598,0.94698,0.86813,0.89996,2224593.7000000002
1698192000000,0.89992,0.92604,0.87214,0.92348,1670277.7
1698278400000,0.92244,0.99619,0.913,0.93799,2698773.3999999999
1698364800000,0.93807,0.93863,0.88068,0.91627,1256963.2
1698451200000,0.91563,0.93379,0.9117,0.92026,322191.8
1698537600000,0.91975,0.95884,0.90653,0.9492,457565.8
1698624000000,0.95149,0.96904,0.92422,0.96638,640357.2
1698710400000,0.96596,0.98282,0.90947,0.94679,1022830.7
1698796800000,0.94541,1.0444,0.92413,1.042,3162372.5
1698883200000,1.0416,1.043,0.95427,0.99138,1451170.8999999999
1698969600000,0.99107,1.0787,0.93683,1.0618,2004001.1000000001
1699056000000,1.0613,1.1184,1.0468,1.0972,2032313.3
1699142400000,1.0975,1.1171,1.0612,1.0908,1968546.6000000001
1699228800000,1.0921,1.1421,1.0669,1.1245,3145899.7000000002
1699315200000,1.1246,1.1246,1.0457,1.0858,2777797.2999999998
1699401600000,1.0837,1.1011,1.0618,1.0943,2398492.6000000001
1699488000000,1.0946,1.2245,0.89989,1.2047,9754810.0999999996
1699574400000,1.2088,1.2197,1.1214,1.1744,2525502.7000000002
1699660800000,1.1767,1.1826,1.1173,1.1388,2010637.8999999999
1699747200000,1.1384,1.1727,1.0919,1.158,2435350.2000000002
1699833600000,1.156,1.1982,1.1153,1.1153,3580283.3999999999
1699920000000,1.1149,1.1155,1.0169,1.0771,1808128.3999999999
1700006400000,1.0764,1.1508,1.0743,1.143,1518908.5
1700092800000,1.1438,1.181,1.0674,1.0796,1917716.3
1700179200000,1.0782,1.1052,1.0016,1.044,2285187.5
1700265600000,1.0425,1.0451,0.9822,1.0331,751981.6
1700352000000,1.0332,1.0506,1.0076,1.0474,838001.3
1700438400000,1.0469,1.0745,1.0223,1.0285,1693308.7
1700524800000,1.0272,1.0524,0.94942,0.95078,5688920.0999999996
1700611200000,0.9479,1.035,0.9479,1.0192,1287327.8
1700697600000,1.0191,1.0464,1.0065,1.0165,837599.2
1700784000000,1.0165,1.0794,1.0142,1.0499,2503795.0
1700870400000,1.0504,1.0838,1.0461,1.0674,754995.5
1700956800000,1.0672,1.0726,1.0117,1.0376,1678373.3999999999
1701043200000,1.0379,1.0431,0.99182,1.0171,1189812.3
1701129600000,1.0183,1.0326,0.9861,1.0188,1426418.7
1701216000000,1.0188,1.0296,0.9951,1.0083,1447273.8
1701302400000,1.0082,1.0177,0.99981,1.007,496860.8
1701388800000,1.0071,1.0518,1.001,1.0347,1423921.7
1701475200000,1.0343,1.121,1.0321,1.1121,3340697.1000000001
1701561600000,1.1122,1.1253,1.0844,1.0985,2271483.0
1701648000000,1.0982,1.1584,0.86661,1.0929,7219543.9000000004
1701734400000,1.0926,1.1082,1.0475,1.0909,2803254.1000000001
1701820800000,1.093,1.113,1.0519,1.0598,2745252.2999999998
1701907200000,1.0594,1.1968,1.0376,1.1732,5911429.0
1701993600000,1.175,1.1983,1.1489,1.1673,3172750.1000000001
1702080000000,1.168,1.2431,1.1286,1.1396,5370007.0
1702166400000,1.143,1.1666,1.1153,1.1574,1589579.6000000001
1702252800000,1.1573,1.163,1.0549,1.0967,13516476.5999999996
1702339200000,1.0961,1.259,1.0944,1.2513,9880359.5
1702425600000,1.2512,1.2512,1.1097,1.1866,6442624.0999999996
1702512000000,1.1873,1.2057,1.1412,1.1848,4339780.7000000002
1702598400000,1.1846,1.1846,1.0936,1.099,2363648.0
1702684800000,1.103,1.1584,1.0795,1.1244,1152951.1000000001
1702771200000,1.1248,1.1393,1.089,1.1077,1765082.6000000001
1702857600000,1.1074,1.1167,1.0342,1.1002,2842559.7999999998
1702944000000,1.1005,1.1243,1.0639,1.0741,1944651.5
1703030400000,1.0732,1.1323,1.0694,1.1048,2250053.3999999999
1703116800000,1.1051,1.1635,1.0951,1.1589,1309259.3999999999
1703203200000,1.1589,1.4456,1.144,1.4234,7374610.2000000002
1703289600000,1.4222,1.458,1.3094,1.3977,5083375.4000000004
1703376000000,1.3959,1.4679,1.335,1.3547,5533042.5
1703462400000,1.3546,1.4036,1.3385,1.3909,2329830.7999999998
1703548800000,1.39,1.4108,1.212,1.3281,2584841.3999999999
1703635200000,1.3283,1.544,1.2719,1.5071,5414047.4000000004
1703721600000,1.5086,1.6706,1.4657,1.4698,7294936.5
1703808000000,1.4685,1.5497,1.4202,1.5101,5421525.5
1703894400000,1.5115,1.5359,1.4326,1.4788,2966000.6000000001
1703980800000,1.4815,1.6693,1.4794,1.5628,4263799.7999999998
1704067200000,1.5629,1.7473,1.514,1.7331,4608849.4000000004
1704153600000,1.7346,1.8421,1.7024,1.7706,8158402.4000000004
1704240000000,1.7721,2.0916,1.45,1.9164,15264700.5999999996
1704326400000,1.915,2.1465,1.8135,2.0043,8558035.1999999993
1704412800000,2.0045,2.0165,1.8224,1.9528,6349763.4000000004
1704499200000,1.9525,1.9638,1.6757,1.7535,5710832.7999999998
1704585600000,1.7535,1.8898,1.6728,1.7219,4722529.9000000004
1704672000000,1.7198,1.8653,1.5714,1.8239,7801391.7000000002
1704758400000,1.8229,1.8528,1.6246,1.8455,6707265.0
1704844800000,1.8456,2.2749,1.8316,2.2291,11615273.5
1704931200000,2.2299,2.3911,2.1331,2.2608,9233069.9000000004
1705017600000,2.2627,2.4064,2.091,2.2026,9145201.8000000007
1705104000000,2.2029,2.2185,2.0622,2.1767,4108575.3999999999
1705190400000,2.1759,2.1926,2.0193,2.0288,4043372.2000000002
1705276800000,2.0283,2.1726,2.0262,2.1081,4432543.7999999998
1705363200000,2.1089,2.2577,2.046,2.1564,5399280.9000000004
1705449600000,2.1555,2.167,2.0024,2.0433,4118874.8999999999
1705536000000,2.041,2.043,1.8421,1.8923,5955052.4000000004
1705622400000,1.8934,1.9046,1.7254,1.8586,4168584.2000000002
1705708800000,1.8567,1.8567,1.7584,1.815,5927602.7000000002
1705795200000,1.8148,1.9013,1.7829,1.8147,3277259.6000000001
1705881600000,1.8156,1.8315,1.6519,1.6889,5798445.4000000004
1705968000000,1.6896,1.7378,1.5442,1.6873,7045168.0999999996
1706054400000,1.6886,1.7434,1.6316,1.7353,3842744.0
1706140800000,1.7366,1.7734,1.6383,1.7307,3637536.5
1706227200000,1.7299,1.8213,1.7111,1.8167,4043930.1000000001
1706313600000,1.8188,1.8415,1.7727,1.7957,2226454.8999999999
1706400000000,1.796,1.8963,1.7849,1.7982,4019854.1000000001
1706486400000,1.7986,1.8594,1.7714,1.8536,5027751.7999999998
1706572800000,1.854,1.9721,1.8364,1.8859,6137833.2000000002
1706659200000,1.8849,1.8903,1.7417,1.7619,6450771.7000000002
1706745600000,1.7616,1.7851,1.6902,1.7828,3701054.2999999998
1706832000000,1.7839,1.817,1.7575,1.7906,2646199.3999999999
1706918400000,1.7923,1.836,1.763,1.7644,2203689.5
1707004800000,1.765,1.7755,1.7217,1.7303,1942436.5
1707091200000,1.7303,1.7891,1.6997,1.7356,4631828.4000000004
1707177600000,1.7358,1.875,1.7297,1.8289,7547567.2000000002
1707264000000,1.8295,1.9316,1.8092,1.8985,7213311.2000000002
1707350400000,1.8985,1.9301,1.8589,1.8621,5550127.4000000004
1707436800000,1.8619,1.9997,1.8619,1.9828,4018281.7000000002
1707523200000,1.983,2.022,1.936,1.9617,6151299.9000000004
1707609600000,1.9614,2.0106,1.9331,1.9435,3525744.5
1707696000000,1.9435,2.0917,1.914,2.0783,6147930.4000000004
1707782400000,2.079,2.11,1.9853,2.047,5168541.7000000002
1707868800000,2.0484,2.1281,2.0148,2.1133,4220213.5
1707955200000,2.113,2.1756,2.0389,2.0728,5648535.4000000004
1708041600000,2.0735,2.0953,1.9609,2.0104,4403858.9000000004
1708128000000,2.01,2.0188,1.9039,1.9714,2558897.5
1708214400000,1.9711,2.0542,1.9453,2.0415,3165582.7000000002
1708300800000,2.0419,2.1011,2.0165,2.0559,6314371.5
1708387200000,2.0561,2.0912,1.9002,2.0118,9009694.8000000007
1708473600000,2.012,2.019,1.806,1.878,5129089.2000000002
1708560000000,1.8773,1.8977,1.7861,1.8096,6124030.0999999996
1708646400000,1.8095,1.8291,1.7394,1.8,5001940.5
1708732800000,1.7998,1.854,1.7522,1.8474,3254284.7999999998
1708819200000,1.8469,1.9069,1.8324,1.9069,3213243.3999999999
1708905600000,1.908,1.9599,1.809,1.9316,7456062.2999999998
1708992000000,1.9311,1.959,1.8702,1.8985,8561891.8000000007
1709078400000,1.8985,1.9841,1.6011,1.9027,15646887.0
1709164800000,1.9028,2.149,1.8854,1.945,11194219.6999999993
1709251200000,1.9459,2.0137,1.9438,1.9912,8628887.0
1709337600000,1.9922,2.0289,1.9538,2.0289,7580118.4000000004
1709424000000,2.0289,2.2001,1.84,2.0464,12943462.3000000007
1709510400000,2.0464,2.0729,1.9215,1.9831,39927278.0
1709596800000,1.9854,2.184,1.7196,1.9693,18308102.8999999985
1709683200000,1.9677,2.1472,1.9246,2.0548,14231719.5
1709769600000,2.0568,2.1898,2.0205,2.1682,7102812.4000000004
1709856000000,2.1685,2.2792,2.0285,2.1362,9406995.3000000007
1709942400000,2.1386,2.1686,2.0828,2.1013,3807497.2999999998
1710028800000,2.1007,2.1315,2.0034,2.0696,5676702.2000000002
1710115200000,2.0709,2.1466,1.9521,2.0866,7602327.2999999998
1710201600000,2.0859,2.1019,1.91,2.0186,7241657.4000000004
1710288000000,2.0181,2.2586,2.0181,2.1175,10809821.0
1710374400000,2.1181,2.1181,1.9333,2.0184,9769128.1999999993
1710460800000,2.0176,2.0354,1.7899,1.8861,11288271.5
1710547200000,1.8889,1.9695,1.7154,1.7582,17298874.6000000015
1710633600000,1.7566,1.7765,1.615,1.7387,9242777.1999999993
1710720000000,1.7384,1.7405,1.6012,1.6245,13750858.3000000007
1710806400000,1.6249,1.6753,1.4463,1.6276,33657805.5
1710892800000,1.6265,1.7678,1.55,1.7476,31711245.6999999993
1710979200000,1.7479,1.7976,1.6735,1.6862,8005322.0999999996
1711065600000,1.6842,1.6976,1.5643,1.6054,14319621.3000000007
1711152000000,1.6054,1.6379,1.5807,1.5972,9837940.8000000007
1711238400000,1.5967,1.6763,1.5865,1.6742,9139478.8000000007
1711324800000,1.6725,1.752,1.6496,1.7269,12751847.1999999993
1711411200000,1.726,1.7584,1.6658,1.7037,10775908.9000000004
1711497600000,1.7032,1.7426,1.6291,1.6566,8864435.1999999993
1711584000000,1.656,1.6972,1.6299,1.6688,8037252.2000000002
1711670400000,1.6692,1.6707,1.61,1.6465,5841444.7999999998
1711756800000,1.6459,1.6795,1.6328,1.6434,9174044.9000000004
1711843200000,1.6429,1.693,1.6335,1.6655,24373885.1999999993
1711929600000,1.6646,1.6646,1.533,1.5693,25510257.0
1712016000000,1.5691,1.5691,1.4318,1.4494,53162110.799999997
1712102400000,1.4494,1.5053,1.401,1.4801,13459545.8000000007
1712188800000,1.4805,1.5125,1.4362,1.4605,10276187.3000000007
1712275200000,1.4608,1.4632,1.3842,1.4346,12631042.4000000004
1712361600000,1.4348,1.5039,1.4275,1.4897,12495465.3000000007
1712448000000,1.4887,1.5342,1.4823,1.5316,15788709.3000000007
1712534400000,1.5308,1.5822,1.4931,1.5721,25917094.1999999993
1712620800000,1.5727,1.5929,1.4774,1.4856,84778657.799999997
1712707200000,1.486,1.4987,1.4093,1.4683,12935762.4000000004
1712793600000,1.4687,1.4831,1.4116,1.4201,8906475.5
1712880000000,1.42,1.4437,0.9627,1.1735,20611560.3999999985
1712966400000,1.1714,1.188,0.8601,1.0316,35754797.3999999985
1713052800000,1.0317,1.1894,0.99757,1.1798,31235361.6000000015
1713139200000,1.1781,1.2713,1.1203,1.1529,34813251.1000000015
1713225600000,1.1545,1.1724,1.0918,1.1557,71856542.099999994
1713312000000,1.1557,1.1727,1.08,1.1068,18799527.3000000007
1713398400000,1.1067,1.1673,1.0807,1.1391,16575335.6999999993
1713484800000,1.1391,1.1686,1.0427,1.1209,15275223.5
1713571200000,1.1207,1.2227,1.1079,1.2172,10677242.0
1713657600000,1.2159,1.2314,1.1719,1.1898,8068335.0
1713744000000,1.1903,1.2406,1.1837,1.2098,13358946.9000000004
1713830400000,1.2098,1.2213,1.1693,1.1807,9823763.0
1713916800000,1.1813,1.2039,1.1015,1.1166,17670828.3000000007
1714003200000,1.1163,1.1245,1.0676,1.0901,11496953.8000000007
1714089600000,1.09,1.0938,1.0532,1.0654,8111262.5
1714176000000,1.0654,1.1273,1.005,1.1246,17595273.8000000007
1714262400000,1.125,1.1694,1.096,1.1008,10509501.8000000007
1714348800000,1.1007,1.1098,1.0346,1.0575,9236412.8000000007
1714435200000,1.0566,1.0692,0.96848,1.022,11338182.9000000004
1714521600000,1.022,1.0564,0.97014,1.0299,12816774.3000000007
1714608000000,1.029,1.0411,0.99658,1.0296,4017608.1000000001
1714694400000,1.029,1.0773,1.0166,1.0648,4624014.2999999998
1714780800000,1.0649,1.0854,1.0572,1.0613,1528473.6000000001
1714867200000,1.0625,1.0944,1.0346,1.0702,2269679.0
1714953600000,1.0702,1.1319,1.0545,1.0603,4182425.7000000002
1715040000000,1.0606,1.076,1.0247,1.0255,3275694.7000000002
1715126400000,1.0249,1.0458,1.0081,1.028,2922610.1000000001
1715212800000,1.0284,1.0469,0.99962,1.041,1849362.7
1715299200000,1.0409,1.0543,0.98398,0.99516,2777995.0
1715385600000,0.995,1.0134,0.98583,1.0006,1121445.3999999999
1715472000000,1.0007,1.0115,0.98747,0.99712,956163.0
1715558400000,0.99742,1.0044,0.95121,0.98146,4224453.4000000004
1715644800000,0.98141,0.98823,0.931,0.93449,4570437.0999999996
1715731200000,0.9346,0.9981,0.92366,0.99464,4209159.2000000002
1715817600000,0.9941,0.9991,0.95178,0.97144,2123308.8999999999
1715904000000,0.97148,1.0722,0.96747,1.0311,4024004.2999999998
1715990400000,1.031,1.0336,1.0039,1.0183,1297015.8999999999
1716076800000,1.0181,1.0284,0.96405,0.9719,1532032.5
1716163200000,0.9716,1.129,0.94747,1.1285,8379351.7000000002
1716249600000,1.1293,1.2351,1.1228,1.2041,9338293.6999999993
1716336000000,1.2036,1.2107,1.1092,1.1432,4470082.4000000004
1716422400000,1.1433,1.26,1.1065,1.2044,15565875.1999999993
1716508800000,1.2025,1.2359,1.1245,1.1585,6400793.9000000004
1716595200000,1.1577,1.21,1.15,1.1922,4227688.4000000004
1716681600000,1.1919,1.2314,1.1793,1.1934,4658944.2999999998
1716768000000,1.1934,1.2759,1.1929,1.2306,7015838.7000000002
1716854400000,1.2304,1.2304,1.1707,1.2007,4581863.5
1716940800000,1.2017,1.2102,1.1409,1.1424,5120583.5999999996
1717027200000,1.142,1.1579,1.1076,1.1291,5672223.7000000002
1717113600000,1.1287,1.1663,1.1095,1.1201,3934121.8999999999
1717200000000,1.1203,1.1405,1.1155,1.1347,1125854.7
1717286400000,1.1346,1.1441,1.0932,1.1138,5999006.9000000004
1717372800000,1.1135,1.1405,1.1011,1.1059,2425382.1000000001
1717459200000,1.106,1.117,1.0714,1.1083,3477472.6000000001
1717545600000,1.1086,1.139,1.1022,1.1249,1955701.3
1717632000000,1.1251,1.1253,1.0745,1.0893,3649322.8999999999
1717718400000,1.0891,1.1056,0.8976,1.0005,9538823.1999999993
1717804800000,0.9998,1.0085,0.9524,0.9686,2839631.2000000002
1717891200000,0.96883,0.98889,0.95699,0.97954,2385009.7000000002
1717977600000,0.9792,0.98407,0.94664,0.96059,2912761.6000000001
1718064000000,0.96059,0.9644,0.91335,0.93801,6731694.0
1718150400000,0.93842,0.99908,0.91305,0.97423,6549177.5999999996
1718236800000,0.974,0.97413,0.9225,0.93795,4661400.4000000004
1718323200000,0.93838,0.95464,0.878,0.91259,7275280.7000000002
1718409600000,0.91255,0.9387,0.91211,0.9222,4080798.1000000001
1718496000000,0.92242,0.9378,0.90113,0.92514,5577988.9000000004
1718582400000,0.92479,0.92981,0.84028,0.85834,11231364.0999999996
1718668800000,0.8582,0.86237,0.73317,0.79518,12831297.5999999996
1718755200000,0.79297,0.83508,0.78827,0.81279,7521510.0
1718841600000,0.81164,0.84894,0.79988,0.80128,4491335.7000000002
1718928000000,0.8015,0.8102,0.78289,0.803,4853069.7999999998
1719014400000,0.8031,0.811,0.79226,0.8053,1752162.8999999999
1719100800000,0.80564,0.8157,0.77961,0.78401,3012374.2000000002
1719187200000,0.784,0.82025,0.74,0.82025,6855268.5999999996
1719273600000,0.81962,0.84636,0.81173,0.83007,2986090.2999999998
1719360000000,0.8302,0.83838,0.79388,0.81259,2347828.1000000001
1719446400000,0.8124,0.83527,0.80215,0.8231,3420651.7999999998
1719532800000,0.82311,0.834,0.79167,0.79218,3988188.1000000001
1719619200000,0.79163,0.803,0.77788,0.77995,1519067.8
1719705600000,0.77973,0.80541,0.76964,0.80192,2203750.2999999998
1719792000000,0.80268,0.8187,0.77828,0.78081,2543160.5
1719878400000,0.7805,0.7857,0.77181,0.78323,2790885.3999999999
1719964800000,0.78331,0.78959,0.75117,0.76468,3386933.0
1720051200000,0.76477,0.76839,0.67216,0.67802,5685797.0999999996
1720137600000,0.6788,0.67985,0.56594,0.62294,22273287.1999999993
1720224000000,0.6231,0.69773,0.6149,0.69366,3149850.2999999998
1720310400000,0.69288,0.69813,0.64909,0.64987,4496603.0999999996
1720396800000,0.6502,0.68741,0.6054,0.66812,9461271.6999999993
1720483200000,0.6671,0.71579,0.66203,0.7104,5617994.4000000004
1720569600000,0.71001,0.73212,0.6957,0.71438,5425407.2000000002
1720656000000,0.71439,0.73554,0.68994,0.69267,7301853.0999999996
1720742400000,0.69325,0.70812,0.67911,0.69882,3903789.3999999999
1720828800000,0.69903,0.7083,0.6902,0.70145,3568816.6000000001
1720915200000,0.70101,0.72623,0.6942,0.72219,1478092.6000000001
1721001600000,0.72193,0.77674,0.71918,0.77387,3850158.3999999999
1721088000000,0.77322,0.77872,0.722,0.7514,4241117.5
1721174400000,0.7524,0.779,0.74104,0.74716,2751783.1000000001
1721260800000,0.7472,0.7689,0.72747,0.74744,2532630.1000000001
1721347200000,0.74821,0.7768,0.72599,0.774,1957208.8999999999
1721433600000,0.774,0.79482,0.7656,0.77957,1320457.8999999999
1721520000000,0.7793,0.80741,0.75231,0.80328,3364194.8999999999
1721606400000,0.80312,0.80851,0.75571,0.75981,1394458.5
1721692800000,0.7597,0.82853,0.75499,0.79963,7489185.7999999998
1721779200000,0.79914,0.8003,0.73501,0.73915,3947778.7000000002
1721865600000,0.73899,0.74133,0.67229,0.69847,8462797.1999999993
1721952000000,0.6981,0.73258,0.69797,0.7266,2011933.0
1722038400000,0.7258,0.74334,0.70686,0.72103,2219753.1000000001
1722124800000,0.72101,0.72458,0.70572,0.71276,907174.4
1722211200000,0.7126,0.73661,0.69712,0.7049,3135848.6000000001
1722297600000,0.7043,0.71057,0.6651,0.6785,1780051.0
1722384000000,0.6785,0.68846,0.6533,0.6576,2082183.7
1722470400000,0.6577,0.66201,0.61387,0.65405,3571359.2999999998
1722556800000,0.65357,0.65581,0.59452,0.60371,4911803.7999999998
1722643200000,0.60307,0.62722,0.58515,0.60762,3471102.8999999999
1722729600000,0.60705,0.61906,0.55226,0.565,5431926.5999999996
1722816000000,0.5651,0.56778,0.42837,0.48115,37667643.8999999985
1722902400000,0.48188,0.52261,0.48187,0.50235,6822046.9000000004
1722988800000,0.50241,0.52307,0.47583,0.4841,7736005.4000000004
1723075200000,0.48431,0.55816,0.47757,0.55471,8165612.5
1723161600000,0.55439,0.58916,0.53601,0.57687,8449406.6999999993
1723248000000,0.57699,0.59095,0.56102,0.577,4329397.4000000004
1723334400000,0.57648,0.5967,0.54817,0.5515,2798455.8999999999
1723420800000,0.55217,0.59614,0.54572,0.58924,4631344.4000000004
1723507200000,0.58899,0.59204,0.56671,0.57869,2100520.5
1723593600000,0.57865,0.5878,0.55446,0.5616,3280905.5
1723680000000,0.56139,0.5689,0.53117,0.53572,3730380.3999999999
1723766400000,0.53574,0.54949,0.52139,0.53334,2957550.2000000002
1723852800000,0.53307,0.54297,0.53051,0.53966,4343689.5999999996
1723939200000,0.53964,0.5536,0.53534,0.53619,2955600.1000000001
1724025600000,0.53619,0.542,0.52665,0.54012,4384918.0999999996
1724112000000,0.54041,0.55403,0.52713,0.53481,3154766.2999999998
1724198400000,0.53493,0.55909,0.52683,0.5525,3497099.8999999999
1724284800000,0.55277,0.56846,0.54212,0.5615,2638924.2000000002
1724371200000,0.56184,0.60895,0.56126,0.60273,3892475.8999999999
1724457600000,0.60304,0.636,0.59747,0.62152,4646306.7999999998
1724544000000,0.62139,0.6221,0.5886,0.59807,3004819.2000000002
1724630400000,0.59736,0.60433,0.5683,0.5706,4901714.5
1724716800000,0.57109,0.57953,0.51253,0.52495,9378391.5999999996
1724803200000,0.52459,0.53713,0.5066,0.52161,4843781.7000000002
1724889600000,0.5216,0.53379,0.50658,0.5128,4747703.7000000002
1724976000000,0.5125,0.51632,0.48591,0.51364,4041896.7999999998
1725062400000,0.5138,0.51937,0.507,0.51366,1291233.1000000001
1725148800000,0.51349,0.5141,0.48459,0.4898,2671402.2999999998
1725235200000,0.48935,0.5217,0.48909,0.516,3130692.3999999999
1725321600000,0.51599,0.5203,0.4929,0.49392,3951304.3999999999
1725408000000,0.49439,0.51321,0.46687,0.49657,9932141.0
1725494400000,0.4968,0.50233,0.48964,0.49683,3225342.1000000001
1725580800000,0.49683,0.5072,0.4682,0.4803,11046615.0999999996
1725667200000,0.48017,0.50461,0.47997,0.50051,1654454.2
1725753600000,0.50079,0.51589,0.4965,0.50824,5166033.0
1725840000000,0.50806,0.53181,0.50509,0.52374,2543660.8999999999
1725926400000,0.5236,0.54031,0.51575,0.53331,3684564.1000000001
1726012800000,0.53341,0.53382,0.50114,0.51401,11994986.5
1726099200000,0.51401,0.52649,0.51062,0.52467,12202352.5
1726185600000,0.52482,0.53959,0.51597,0.53666,3657493.8999999999
1726272000000,0.53705,0.53931,0.52516,0.5305,1797402.1000000001
1726358400000,0.53039,0.54033,0.50842,0.5107,1410652.2
1726444800000,0.51011,0.51679,0.49759,0.5101,3325786.2999999998
1726531200000,0.5101,0.5301,0.50442,0.5216,3076832.1000000001
1726617600000,0.52141,0.52898,0.50088,0.52849,4361832.5
1726704000000,0.5287,0.5807,0.5287,0.5568,3904672.7000000002
1726790400000,0.55743,0.58796,0.54973,0.5772,3710297.7999999998
1726876800000,0.57726,0.62284,0.56665,0.61636,4254315.0999999996
1726963200000,0.61554,0.62116,0.58282,0.60042,7784479.0999999996
1727049600000,0.59966,0.62319,0.58922,0.5988,5470611.7999999998
1727136000000,0.59876,0.61782,0.58402,0.61377,6945401.2999999998
1727222400000,0.6148,0.63385,0.59596,0.59805,8932487.0999999996
1727308800000,0.5986,0.64439,0.5875,0.62015,8157633.9000000004
1727395200000,0.62,0.68044,0.61835,0.66746,6812019.5999999996
1727481600000,0.66737,0.67276,0.63402,0.6474,2207741.7999999998
1727568000000,0.6471,0.6568,0.6314,0.64521,3499340.7000000002
1727654400000,0.64534,0.6535,0.59872,0.6044,5246605.2999999998
1727740800000,0.60396,0.62897,0.5336,0.55053,7283710.7999999998
1727827200000,0.5499,0.56318,0.525,0.53142,3240325.7999999998
1727913600000,0.53121,0.54319,0.51458,0.53319,1743873.0
1728000000000,0.53285,0.56737,0.53134,0.56464,3919169.7999999998
1728086400000,0.56506,0.56932,0.54234,0.54984,4202759.5
1728172800000,0.5497,0.5629,0.5479,0.55959,2116074.7000000002
1728259200000,0.5593,0.57458,0.54888,0.54916,3145070.5
1728345600000,0.54946,0.5568,0.5361,0.54023,2750239.1000000001
1728432000000,0.54042,0.548,0.51466,0.52108,2871666.7999999998
1728518400000,0.52108,0.52913,0.5061,0.52515,3058274.6000000001
1728604800000,0.52518,0.5422,0.52279,0.53345,1906739.1000000001
1728691200000,0.53414,0.5447,0.5288,0.53786,3485487.7999999998
1728777600000,0.53812,0.53926,0.51836,0.52941,2363711.6000000001
1728864000000,0.52941,0.56844,0.5186,0.5644,3405197.2000000002
1728950400000,0.56513,0.58297,0.54334,0.56783,4490460.5999999996
1729036800000,0.56828,0.58308,0.55515,0.55705,2485224.7000000002
1729123200000,0.5579,0.5655,0.541,0.54675,3088086.7999999998
1729209600000,0.54628,0.5718,0.54361,0.56329,2110374.8999999999
1729296000000,0.56351,0.5721,0.55619,0.56598,1380895.3999999999
1729382400000,0.5665,0.61941,0.56086,0.61227,6595018.7999999998
1729468800000,0.6127,0.61654,0.58002,0.58771,3792038.3999999999
1729555200000,0.58801,0.6,0.5726,0.5793,2648617.2000000002
1729641600000,0.5804,0.5811,0.54308,0.55982,3240515.3999999999
1729728000000,0.55967,0.5691,0.55208,0.56069,1494640.6000000001
1729814400000,0.56136,0.56197,0.48499,0.50677,7663568.0
1729900800000,0.50656,0.51938,0.49694,0.51391,2402494.7999999998
1729987200000,0.51431,0.52395,0.50657,0.5196,1229695.6000000001
1730073600000,0.51986,0.52922,0.50301,0.5226,2962489.2000000002
1730160000000,0.52316,0.55057,0.52122,0.54742,2169756.7000000002
1730246400000,0.54742,0.5697,0.53938,0.5573,3018805.6000000001
1730332800000,0.5585,0.56088,0.5192,0.52683,2047002.6000000001
1730419200000,0.52671,0.54432,0.51068,0.51917,2502480.5
1730505600000,0.51936,0.52529,0.5004,0.5041,1525860.1000000001
1730592000000,0.50405,0.50521,0.46074,0.4818,3076470.6000000001
1730678400000,0.48127,0.49117,0.45953,0.47292,4184827.1000000001
1730764800000,0.47328,0.49625,0.47263,0.49039,1549720.3999999999
1730851200000,0.49052,0.55615,0.49052,0.5489,5219822.0
1730937600000,0.54941,0.59377,0.5464,0.58125,6982681.0
1731024000000,0.5815,0.59872,0.5669,0.59214,4475827.4000000004
1731110400000,0.59218,0.62344,0.57959,0.61986,4000836.8999999999
1731196800000,0.61987,0.65563,0.59636,0.6297,5413990.4000000004
1731283200000,0.62934,0.6728,0.61087,0.67091,8048176.4000000004
1731369600000,0.67224,0.6898,0.604,0.6312,11591947.9000000004
1731456000000,0.63068,0.64446,0.57159,0.6124,13148595.1999999993
1731542400000,0.61255,0.6358,0.57268,0.58,5856062.0999999996
1731628800000,0.5796,0.61302,0.56658,0.60701,3174218.7999999998
1731715200000,0.60682,0.76329,0.60243,0.72509,7780722.5
1731801600000,0.72588,0.73239,0.66048,0.67423,7314911.4000000004
1731888000000,0.67488,0.74952,0.67153,0.73933,6359752.2000000002
1731974400000,0.7392,0.75596,0.67458,0.6921,6697048.5
1732060800000,0.69215,0.7141,0.64908,0.67243,7660773.2999999998
1732147200000,0.67199,0.82216,0.6508,0.7791,14242821.9000000004
1732233600000,0.77925,0.8421,0.757,0.81027,14481517.0999999996
1732320000000,0.81031,0.88361,0.80039,0.8568,11817181.0
1732406400000,0.85648,0.91237,0.79648,0.8622,11911004.8000000007
1732492800000,0.86322,0.95573,0.82404,0.90585,17861903.3999999985
1732579200000,0.9052,0.92745,0.82761,0.87056,8823361.5
1732665600000,0.87049,0.9753,0.8482,0.96967,9702230.1999999993
1732752000000,0.96847,0.98163,0.889,0.91424,5608345.9000000004
1732838400000,0.91484,0.94205,0.89405,0.9316,12891840.0999999996
1732924800000,0.93179,0.98849,0.92182,0.97258,8108005.7000000002
1733011200000,0.97252,0.99714,0.94449,0.97049,4152169.2999999998
1733097600000,0.97024,1.0523,0.89764,1.0287,18097117.3999999985
1733184000000,1.0284,1.0873,0.965,1.0468,14117601.0
1733270400000,1.0471,1.1894,1.0458,1.1356,14671277.0
1733356800000,1.137,1.1616,1.0722,1.1042,7813859.9000000004
1733443200000,1.1036,1.2396,1.0939,1.1751,10620896.1999999993
1733529600000,1.1751,1.1873,1.1526,1.1648,5366233.2000000002
1733616000000,1.1648,1.1879,1.1308,1.1597,2941064.1000000001
1733702400000,1.1607,1.1625,0.8335,0.962,38486967.700000003
1733788800000,0.96166,1.016,0.87597,0.93925,24683764.5
1733875200000,0.939,1.0228,0.89392,1.0003,7349129.2000000002
1733961600000,1.0003,1.1012,0.99314,1.0283,6325464.5999999996
1734048000000,1.0288,1.0773,1.0025,1.0355,11182369.0
1734134400000,1.0332,1.0517,0.95515,0.98476,7781902.4000000004
1734220800000,0.98243,1.0218,0.95696,1.0173,5298025.9000000004
1734307200000,1.0179,1.0564,0.9644,1.0038,10583602.0
1734393600000,1.0048,1.0152,0.93427,0.94708,13424338.8000000007
1734480000000,0.94856,0.9557,0.8499,0.86091,10524419.5
1734566400000,0.86266,0.87151,0.75267,0.77984,15662611.4000000004
1734652800000,0.7802,0.81433,0.66781,0.79575,33933820.1000000015
1734739200000,0.79581,0.84641,0.73202,0.74659,9040651.5999999996
1734825600000,0.74817,0.77031,0.72051,0.74679,7021790.9000000004
1734912000000,0.7468,0.81629,0.72617,0.8005,12865487.4000000004
1734998400000,0.79849,0.83763,0.78179,0.81782,3012216.6000000001
1735084800000,0.81783,0.8221,0.78803,0.80511,2943846.2999999998
1735171200000,0.80499,0.81079,0.73717,0.75312,3831016.2999999998
1735257600000,0.75333,0.79406,0.74811,0.75994,5318010.7000000002
1735344000000,0.76128,0.78175,0.74838,0.77578,3477274.2000000002
1735430400000,0.77618,0.78251,0.73326,0.74199,3507595.7000000002
1735516800000,0.742,0.77022,0.71749,0.73295,5622713.7000000002
1735603200000,0.73301,0.75888,0.71395,0.72193,2408707.5
1735689600000,0.72204,0.75051,0.70468,0.74593,1668358.7
1735776000000,0.74598,0.78738,0.74598,0.77572,3162326.8999999999
1735862400000,0.77681,0.83724,0.76171,0.83435,3803710.8999999999
1735948800000,0.83497,0.90782,0.82462,0.89443,5215364.2000000002
1736035200000,0.89492,0.92199,0.87685,0.91568,4009519.0
1736121600000,0.9159,0.954,0.90388,0.91939,7881181.0999999996
1736208000000,0.91893,0.92075,0.81825,0.82018,7026402.2999999998
1736294400000,0.82063,0.83066,0.75214,0.78726,6377200.0
1736380800000,0.78697,0.79776,0.73075,0.74251,8097972.7999999998
1736467200000,0.74341,0.77373,0.73165,0.7477,6933215.7999999998
1736553600000,0.74764,0.76034,0.72462,0.74367,2943959.2000000002
1736640000000,0.74404,0.75094,0.71953,0.72962,1643090.7
1736726400000,0.73002,0.74956,0.65,0.70298,7801004.0999999996
1736812800000,0.70282,0.74423,0.69767,0.73869,4546611.4000000004
1736899200000,0.73955,0.79714,0.71782,0.7924,5872638.2999999998
1736985600000,0.79172,0.79781,0.74747,0.75758,5512599.5999999996
1737072000000,0.75794,0.83038,0.75794,0.81608,6518941.7000000002
1737158400000,0.81861,0.83546,0.75,0.76783,7694105.7000000002
1737244800000,0.768,0.79523,0.68446,0.69841,18927907.6000000015
1737331200000,0.69754,0.76111,0.66599,0.69784,22291637.0
1737417600000,0.69835,0.74854,0.67131,0.72275,5545565.9000000004
1737504000000,0.72261,0.73764,0.6945,0.70079,3863845.3999999999
1737590400000,0.69997,0.72391,0.68294,0.72074,5304252.5
1737676800000,0.72094,0.74203,0.69581,0.69929,4960971.0999999996
1737763200000,0.69754,0.71191,0.68659,0.70051,3824296.2999999998
1737849600000,0.70089,0.71769,0.67526,0.67589,11578345.6999999993
1737936000000,0.67607,0.67751,0.60485,0.64295,23146452.5
1738022400000,0.64294,0.6526,0.58462,0.59238,5730603.4000000004
1738108800000,0.59128,0.62678,0.59052,0.60492,5096943.2999999998
1738195200000,0.60528,0.6434,0.59946,0.62989,2359797.7000000002
1738281600000,0.631,0.67384,0.61487,0.64093,5306991.2999999998
1738368000000,0.64137,0.65259,0.57174,0.57851,8234863.9000000004
1738454400000,0.57766,0.59067,0.46631,0.49306,16898804.8000000007
1738540800000,0.49327,0.51536,0.34678,0.511,37288365.700000003
1738627200000,0.51042,0.51278,0.45211,0.47744,15644473.0
1738713600000,0.47726,0.49715,0.46434,0.47027,14179782.0999999996
1738800000000,0.47024,0.48247,0.44203,0.44536,15253829.0999999996
1738886400000,0.44534,0.46646,0.4203,0.43243,4851014.9000000004
1738972800000,0.43185,0.4534,0.42785,0.44995,3547719.3999999999
1739059200000,0.45104,0.46715,0.42791,0.44884,2871091.8999999999
1739145600000,0.44926,0.48007,0.43472,0.47216,5749116.2999999998
1739232000000,0.47206,0.49343,0.45771,0.46268,8483209.8000000007
1739318400000,0.46278,0.5089,0.44883,0.49372,10414658.3000000007
1739404800000,0.49377,0.50326,0.47591,0.48686,4580691.5999999996
1739491200000,0.4872,0.51124,0.48371,0.49702,3865913.2000000002
1739577600000,0.49727,0.49852,0.47087,0.47665,4091470.2999999998
1739664000000,0.47698,0.48907,0.47124,0.47363,4305381.7000000002
1739750400000,0.47364,0.51394,0.46577,0.49626,9200871.5
1739836800000,0.49658,0.49851,0.43887,0.46024,11185820.8000000007
1739923200000,0.45976,0.47403,0.45193,0.47084,4420472.5999999996
1740009600000,0.47138,0.49545,0.47003,0.49028,3547918.7999999998
1740096000000,0.4907,0.50946,0.45743,0.46724,6237084.7000000002
1740182400000,0.46731,0.48642,0.46507,0.47621,2182449.2000000002
1740268800000,0.47625,0.49019,0.47215,0.4776,2662403.7000000002
1740355200000,0.47806,0.48087,0.4,0.41105,7042489.7000000002
1740441600000,0.41075,0.42679,0.38051,0.41922,7706798.4000000004
1740528000000,0.41942,0.43241,0.40368,0.42218,5803652.5999999996
1740614400000,0.42347,0.43857,0.41138,0.42451,2735148.0
1740700800000,0.42479,0.42625,0.3835,0.42188,4520737.2999999998
1740787200000,0.42202,0.42656,0.40267,0.41777,1864290.0
1740873600000,0.41751,0.46595,0.40948,0.46252,5606813.0
1740960000000,0.46403,0.46403,0.38272,0.39144,5649051.0999999996
1741046400000,0.39137,0.39325,0.34953,0.37967,6348693.4000000004
1741132800000,0.37933,0.43367,0.37477,0.41461,23387848.0
1741219200000,0.41437,0.42893,0.39946,0.40363,7933785.4000000004
1741305600000,0.40373,0.41551,0.38595,0.39478,7426226.9000000004
1741392000000,0.39444,0.40383,0.38212,0.3973,2968753.5
1741478400000,0.3975,0.3994,0.34463,0.34887,4116407.7000000002
1741564800000,0.34934,0.37232,0.31404,0.32024,6852313.2999999998
1741651200000,0.32041,0.34689,0.29477,0.33727,8752144.1999999993
1741737600000,0.33743,0.354,0.3262,0.34835,8082222.5999999996
1741824000000,0.34838,0.35401,0.3308,0.34368,2423338.6000000001
1741910400000,0.34362,0.36631,0.34242,0.35854,4826425.7000000002
1741996800000,0.35879,0.36976,0.35681,0.36393,2303842.7000000002
1742083200000,0.36443,0.36502,0.34447,0.34806,7187619.9000000004
1742169600000,0.34797,0.3754,0.34797,0.36955,4624297.2000000002
1742256000000,0.36947,0.37153,0.35157,0.37153,3446223.2000000002
1742342400000,0.37173,0.38665,0.36687,0.3849,5720871.0999999996
1742428800000,0.38508,0.38718,0.3665,0.37546,1499960.3
1742515200000,0.37573,0.37907,0.35786,0.35922,3992167.1000000001
1742601600000,0.35935,0.37216,0.35918,0.36476,3156657.3999999999
1742688000000,0.36473,0.37423,0.36248,0.3683,2451037.8999999999
1742774400000,0.3681,0.39525,0.36158,0.39053,9217188.6999999993
1742860800000,0.39063,0.39468,0.38401,0.39321,2473524.1000000001
1742947200000,0.39337,0.40269,0.3777,0.3815,3395948.6000000001
1743033600000,0.38158,0.39071,0.37409,0.38407,1649210.8999999999
1743120000000,0.38419,0.3872,0.34155,0.34751,1984796.2
1743206400000,0.34773,0.34937,0.32617,0.33066,2591912.1000000001
1743292800000,0.33091,0.33856,0.3258,0.33169,1852556.0
1743379200000,0.3318,0.33484,0.31796,0.32776,2412793.7999999998
1743465600000,0.32771,0.34219,0.32742,0.3333,3515035.2000000002
1743552000000,0.33295,0.338,0.30234,0.30638,4479672.7999999998
1743638400000,0.30661,0.31639,0.29316,0.31023,4309584.2000000002
1743724800000,0.31044,0.31777,0.30057,0.31214,3485069.0
1743811200000,0.31221,0.31506,0.30497,0.30856,951499.9
1743897600000,0.30852,0.30874,0.25955,0.26805,3630370.1000000001
1743984000000,0.26784,0.28449,0.24247,0.27434,10689716.6999999993
1744070400000,0.27448,0.28254,0.26067,0.26423,7010476.0999999996
1744156800000,0.26413,0.30123,0.25557,0.2934,9669406.5999999996
1744243200000,0.29361,0.2939,0.2744,0.28628,6144878.9000000004
1744329600000,0.28613,0.29844,0.28516,0.29471,4814450.5999999996
1744416000000,0.29446,0.31219,0.2937,0.31094,3138133.2000000002
1744502400000,0.31102,0.31663,0.29575,0.29993,3607239.2999999998
1744588800000,0.30031,0.31247,0.29306,0.29552,8914494.9000000004
1744675200000,0.29576,0.29669,0.27913,0.27945,8470778.3000000007
1744761600000,0.27947,0.28413,0.27086,0.27849,8461756.5999999996
1744848000000,0.27866,0.28643,0.2751,0.28231,11065370.5999999996
1744934400000,0.28231,0.293,0.28093,0.29062,4204870.7000000002
1745020800000,0.29059,0.30426,0.28989,0.30033,4453123.7000000002
1745107200000,0.29797,0.30633,0.29624,0.3044,2912366.3999999999
1745193600000,0.30439,0.31433,0.29691,0.29943,6719837.0
1745280000000,0.29916,0.32422,0.292,0.32184,12722302.0
1745366400000,0.32222,0.34363,0.32033,0.33875,7822176.7999999998
1745452800000,0.33888,0.3445,0.32486,0.34206,5429203.2000000002
1745539200000,0.34171,0.3527,0.33515,0.34632,4762103.9000000004
1745625600000,0.34645,0.35718,0.34255,0.35229,4654370.7999999998
1745712000000,0.35243,0.36284,0.33254,0.33557,7055067.9000000004
1745798400000,0.33567,0.34822,0.32734,0.33565,5616348.5
1745884800000,0.33602,0.34257,0.32389,0.3276,7532386.5999999996
1745971200000,0.32739,0.33461,0.3148,0.32563,7127581.2000000002
1746057600000,0.32564,0.34451,0.32552,0.33924,14145477.8000000007
1746144000000,0.3391,0.3453,0.33353,0.33873,10909799.8000000007
1746230400000,0.33868,0.33963,0.31603,0.3193,5703865.2999999998
1746316800000,0.3196,0.32287,0.30921,0.31058,3395022.1000000001
1746403200000,0.31029,0.32067,0.30536,0.31075,4926054.9000000004
1746489600000,0.31094,0.31185,0.2952,0.30838,12214844.8000000007
1746576000000,0.30843,0.3125,0.2985,0.31067,16887433.1000000015
1746662400000,0.31091,0.36706,0.31041,0.3621,13858883.6999999993
1746748800000,0.36256,0.39307,0.36036,0.37871,9975739.3000000007
1746835200000,0.37861,0.49776,0.37279,0.48557,48818722.799999997
1746921600000,0.48491,0.5057,0.44032,0.45174,37018724.799999997
1747008000000,0.45184,0.48118,0.41533,0.43094,35743845.1000000015
1747094400000,0.43062,0.46518,0.4069,0.45675,22021138.8000000007
1747180800000,0.45733,0.4617,0.42069,0.42671,31286544.6000000015
1747267200000,0.42706,0.43529,0.3873,0.3978,30965995.6000000015
1747353600000,0.39791,0.41727,0.38595,0.38965,9995686.5
1747440000000,0.38968,0.39066,0.36897,0.3757,7409611.9000000004
1747526400000,0.3757,0.40768,0.36636,0.39539,11874371.9000000004
1747612800000,0.39543,0.40042,0.36405,0.39205,12643282.9000000004
1747699200000,0.39224,0.40215,0.37947,0.3938,10449557.5999999996
1747785600000,0.39391,0.42018,0.39015,0.41116,12958740.9000000004
1747872000000,0.41164,0.43907,0.41045,0.42939,19956192.0
1747958400000,0.42927,0.44546,0.38825,0.39081,20459991.6999999993
1748044800000,0.39081,0.40167,0.38885,0.39176,8195010.0
1748131200000,0.39176,0.39459,0.37515,0.39357,7235729.0
1748217600000,0.39391,0.40667,0.38682,0.39212,12127461.5
1748304000000,0.39254,0.41484,0.37909,0.40185,10580550.5
1748390400000,0.40218,0.41747,0.38908,0.40983,11957623.0
1748476800000,0.40999,0.44559,0.39344,0.39663,93209983.0
1748563200000,0.39663,0.39938,0.33134,0.33331,78523845.099999994
1748649600000,0.33306,0.3471,0.31919,0.33956,15646060.1999999993
1748736000000,0.33943,0.34453,0.33004,0.34187,7542613.5999999996
1748822400000,0.34262,0.35967,0.33279,0.35768,8638360.8000000007
1748908800000,0.35783,0.37297,0.35554,0.35936,8638798.3000000007
1748995200000,0.35953,0.37342,0.35434,0.35896,8412420.0999999996
1749081600000,0.35896,0.36337,0.31719,0.32328,13415503.5
1749168000000,0.32331,0.34621,0.32224,0.3317,6044400.2999999998
1749254400000,0.33152,0.34958,0.33135,0.34772,4767669.0999999996
1749340800000,0.34779,0.34944,0.33795,0.3421,4697496.7000000002
1749427200000,0.34219,0.36986,0.33564,0.36871,9769624.9000000004
1749513600000,0.36873,0.419,0.36212,0.41465,24554283.6000000015
1749600000000,0.41494,0.42664,0.39175,0.39726,13777533.8000000007
1749686400000,0.39725,0.40112,0.36201,0.36569,16874320.3000000007
1749772800000,0.36583,0.36623,0.32946,0.34854,22475422.8999999985
1749859200000,0.34845,0.34973,0.32696,0.33313,9046398.1999999993
1749945600000,0.33353,0.33622,0.31912,0.32734,10806025.9000000004
1750032000000,0.32768,0.34176,0.31705,0.31806,13792690.0
1750118400000,0.31833,0.32584,0.2991,0.30304,15507347.9000000004
1750204800000,0.30322,0.31063,0.2896,0.307,14678952.0
1750291200000,0.30699,0.31133,0.29628,0.30109,5075173.0
1750377600000,0.30126,0.31007,0.28308,0.28622,10339003.5
1750464000000,0.2863,0.29192,0.26755,0.27458,10798668.3000000007
1750550400000,0.27485,0.28106,0.25295,0.2674,28627298.8999999985
1750636800000,0.26757,0.30428,0.26451,0.30173,24011961.6000000015
1750723200000,0.30188,0.33526,0.29801,0.31507,27556639.8999999985
1750809600000,0.31507,0.32483,0.30569,0.3089,23517420.6000000015
1750896000000,0.30888,0.31561,0.29423,0.3033,21159560.3000000007
1750982400000,0.30362,0.3152,0.29794,0.30559,18462317.8999999985
1751068800000,0.3057,0.31368,0.30096,0.31121,8146726.7999999998
1751155200000,0.31122,0.39,0.3049,0.36734,92122073.599999994
1751241600000,0.36748,0.37664,0.33424,0.34502,207666085.3000000119
1751328000000,0.34512,0.34657,0.32118,0.32739,87140283.700000003
1751414400000,0.32728,0.35719,0.32225,0.34781,79203026.900000006
1751500800000,0.34797,0.36391,0.33822,0.34365,40489788.8999999985
1751587200000,0.34358,0.3475,0.3133,0.32408,44727248.200000003
1751673600000,0.32425,0.33233,0.32015,0.32781,11904474.3000000007
1751760000000,0.32802,0.33855,0.32166,0.33443,13810243.5
1751846400000,0.33439,0.33824,0.32515,0.32877,8412234.5999999996
1751932800000,0.32862,0.34212,0.3227,0.33781,5938896.2000000002
1752019200000,0.338,0.35916,0.334,0.35536,46620450.8999999985
1752105600000,0.35536,0.3995,0.35122,0.39643,29000859.0
1752192000000,0.39658,0.43371,0.38898,0.40556,38630976.8999999985
1752278400000,0.40573,0.41326,0.38216,0.39958,10550486.0
1752364800000,0.39973,0.42173,0.3977,0.41094,12047419.4000000004
1752451200000,0.41085,0.43339,0.39907,0.40318,30468522.1000000015
1752537600000,0.4029,0.44426,0.39074,0.43714,30927711.8999999985
1752624000000,0.43694,0.45932,0.42476,0.4415,51246211.0
1752710400000,0.44115,0.45773,0.42812,0.44989,35460992.3999999985
1752796800000,0.45018,0.49741,0.43973,0.45263,52441727.6000000015
1752883200000,0.45269,0.47735,0.43804,0.46514,16715808.0
1752969600000,0.46531,0.51087,0.45813,0.4842,23926610.3000000007
1753056000000,0.48374,0.51268,0.47471,0.48646,38276501.700000003
1753142400000,0.48679,0.49021,0.45411,0.48244,45406009.0
1753228800000,0.48267,0.48396,0.41727,0.43368,37872843.3999999985
1753315200000,0.43354,0.44972,0.40682,0.43056,29199440.1999999993
1753401600000,0.43094,0.44475,0.41375,0.44348,21233309.1000000015
1753488000000,0.44352,0.4583,0.44044,0.44881,7911174.5
1753574400000,0.4491,0.46347,0.44656,0.46093,19858315.6000000015
1753660800000,0.46107,0.47964,0.42831,0.43363,26645054.3000000007
1753747200000,0.43438,0.45059,0.41469,0.42489,19187008.1999999993
1753833600000,0.42498,0.42655,0.39435,0.41531,18976070.5
1753920000000,0.41549,0.43147,0.395,0.39761,53188551.5
1754006400000,0.39755,0.39876,0.36698,0.37733,54016407.700000003
1754092800000,0.37724,0.38224,0.36095,0.36845,18562933.3000000007
1754179200000,0.36862,0.38571,0.36339,0.38293,21607163.1999999993
1754265600000,0.38251,0.41171,0.38203,0.40537,19911753.3000000007
1754352000000,0.40531,0.40571,0.37494,0.38355,16708958.4000000004
1754438400000,0.38347,0.3919,0.3732,0.38871,14764988.4000000004
1754524800000,0.3887,0.41887,0.38615,0.41677,12142826.3000000007
1754611200000,0.41689,0.43756,0.41064,0.43436,26925177.1000000015
1754697600000,0.43431,0.48064,0.43387,0.47403,22155013.6000000015
1754784000000,0.47379,0.48578,0.44915,0.46729,21343613.8000000007
1754870400000,0.46691,0.48167,0.43394,0.43585,37902949.700000003
1754956800000,0.43588,0.48037,0.43331,0.47811,33103421.5
1755043200000,0.478,0.58336,0.47058,0.5701,81855178.200000003
1755129600000,0.57185,0.57665,0.49705,0.51677,111737331.799999997
1755216000000,0.5167,0.53725,0.471,0.48163,78535672.200000003
1755302400000,0.48137,0.49833,0.47184,0.49267,20416238.1999999993
1755388800000,0.49242,0.56575,0.48563,0.53641,65258139.700000003
1755475200000,0.53641,0.54418,0.506,0.51103,79917753.400000006
1755561600000,0.51124,0.52414,0.47177,0.47289,68659996.799999997
1755648000000,0.4727,0.51936,0.47056,0.5134,48327999.0
1755734400000,0.51347,0.52043,0.48489,0.49611,33672358.5
1755820800000,0.4964,0.60809,0.47411,0.58765,100538670.099999994
1755907200000,0.5874,0.61459,0.56778,0.614,34964433.799999997
1755993600000,0.61315,0.62558,0.56632,0.57964,56396764.3999999985
1756080000000,0.57942,0.59086,0.5102,0.51729,68026207.400000006
1756166400000,0.5173,0.54373,0.51355,0.53017,66548118.200000003
1756252800000,0.53026,0.53344,0.4973,0.50524,55382245.5
1756339200000,0.50524,0.53957,0.50008,0.52388,43955772.8999999985
1756425600000,0.52355,0.52442,0.48409,0.49068,27274825.6000000015
1756512000000,0.49098,0.504,0.47965,0.49936,38728772.700000003
1756598400000,0.49929,0.51822,0.49596,0.49689,14251368.5
1756684800000,0.49664,0.5141,0.46675,0.47708,25975871.3999999985
1756771200000,0.47718,0.50628,0.47478,0.5025,15885651.1999999993
1756857600000,0.50277,0.5199,0.49301,0.51012,22385212.1000000015
1756944000000,0.51021,0.51348,0.47847,0.4824,15334326.3000000007
1757030400000,0.48232,0.51227,0.48226,0.49466,26771557.8999999985
1757116800000,0.49479,0.50059,0.48313,0.48832,8424362.8000000007
1757203200000,0.48845,0.49937,0.48719,0.49649,6354478.4000000004
1757289600000,0.49645,0.51712,0.49124,0.51381,54225948.700000003
1757376000000,0.51382,0.54007,0.50457,0.51293,69100220.200000003
1757462400000,0.51309,0.52646,0.50138,0.51277,58233107.6000000015
1757548800000,0.51287,0.53297,0.50946,0.53035,33058775.0
1757635200000,0.53048,0.5504,0.52149,0.54796,17608876.8000000007
1757721600000,0.54788,0.55805,0.53165,0.5416,20596017.1000000015
1757808000000,0.5416,0.5427,0.50691,0.51343,22464718.6000000015
1757894400000,0.51358,0.52476,0.4851,0.49249,23282692.8999999985
1757980800000,0.4921,0.50117,0.48351,0.49465,14327958.3000000007
1758067200000,0.49471,0.52665,0.48468,0.52065,24574373.3999999985
1758153600000,0.5207,0.52896,0.51254,0.52461,22218413.1999999993
1758240000000,0.52457,0.53559,0.48451,0.48891,24833921.8999999985
1758326400000,0.48887,0.50003,0.48634,0.49319,9597122.1999999993
1758412800000,0.49318,0.49947,0.47883,0.48082,17355045.1000000015
1758499200000,0.48063,0.48316,0.40082,0.43624,45400879.3999999985
1758585600000,0.4362,0.44347,0.42159,0.43236,40399606.0
1758672000000,0.43234,0.44337,0.42158,0.42956,11332637.0999999996
1758758400000,0.42947,0.43064,0.39869,0.40761,36933998.1000000015
1758844800000,0.4078,0.42608,0.40178,0.42502,21692170.5
1758931200000,0.42508,0.42972,0.41846,0.42394,5627027.2000000002
1759017600000,0.42419,0.4326,0.40891,0.43041,6364124.9000000004
1759104000000,0.43042,0.43054,0.40898,0.4175,14883815.0
1759190400000,0.41745,0.42434,0.40296,0.42148,12940100.5999999996
1759276800000,0.4216,0.4418,0.4161,0.43488,27468804.5
1759363200000,0.43527,0.45688,0.43193,0.45296,20190480.8999999985
1759449600000,0.45296,0.4604,0.43752,0.4504,17381762.1999999993
1759536000000,0.45042,0.45289,0.42653,0.43451,5773425.2000000002
1759622400000,0.43452,0.45579,0.42988,0.4324,10416535.5999999996
1759708800000,0.43179,0.46747,0.42777,0.45715,42816280.700000003
1759795200000,0.45697,0.46367,0.41986,0.42131,36595016.700000003
1759881600000,0.42133,0.44012,0.41721,0.43518,13423200.0999999996
1759968000000,0.43518,0.43641,0.40712,0.41818,16463242.3000000007
1760054400000,0.41827,0.43166,0.10212,0.296,102067173.099999994
1760140800000,0.29586,0.32708,0.2753,0.30149,47087301.200000003
1760227200000,0.30148,0.34546,0.29529,0.33484,21774239.6000000015
1760313600000,0.33434,0.36196,0.32835,0.35828,43308351.5
1760400000000,0.35834,0.35932,0.32242,0.34334,49174510.8999999985
1760486400000,0.34328,0.35114,0.32128,0.32676,38420849.5
1760572800000,0.32693,0.33567,0.31,0.31593,42865118.3999999985
1760659200000,0.31594,0.31964,0.28814,0.30385,58906221.8999999985
1760745600000,0.30358,0.31312,0.30349,0.30915,6672686.9000000004
1760832000000,0.30901,0.32215,0.3041,0.31707,13334241.8000000007
1760918400000,0.31707,0.32852,0.31033,0.32186,11624760.5
1761004800000,0.32188,0.335,0.30861,0.31047,14618934.9000000004
1761091200000,0.3106,0.31264,0.29242,0.30106,13135052.4000000004
1761177600000,0.30105,0.31966,0.30008,0.31403,18660795.6000000015
1761264000000,0.31422,0.32376,0.31155,0.32019,8703424.9000000004
1761350400000,0.32017,0.32257,0.31675,0.32013,3374264.7000000002
1761436800000,0.32021,0.33728,0.31414,0.33453,10497426.9000000004
1761523200000,0.33478,0.35168,0.32888,0.33028,12754149.5999999996
1761609600000,0.33039,0.33363,0.30731,0.31484,15525304.1999999993
1761696000000,0.31452,0.32906,0.30895,0.31724,35147744.299999997
1761782400000,0.31731,0.32167,0.27885,0.28984,21919749.5
1761868800000,0.28996,0.30002,0.28499,0.2951,21799393.6999999993
1761955200000,0.29505,0.30835,0.29346,0.30691,8909223.4000000004
1762041600000,0.30673,0.31371,0.2962,0.30748,8974442.5
1762128000000,0.30733,0.30855,0.25235,0.26111,36070418.700000003
1762214400000,0.26124,0.27176,0.2343,0.25469,59049114.200000003
1762300800000,0.25475,0.27129,0.24214,0.26951,23985476.3999999985
1762387200000,0.2695,0.27005,0.25317,0.26424,25663008.8999999985
1762473600000,0.26445,0.3054,0.26294,0.29945,36957512.700000003
1762560000000,0.29948,0.3128,0.2874,0.29784,14985184.5
1762646400000,0.29792,0.30288,0.28413,0.29908,9818862.5
1762732800000,0.2989,0.31182,0.29161,0.30647,14920029.5
1762819200000,0.30684,0.31365,0.27434,0.27528,19134054.3000000007
1762905600000,0.27537,0.28038,0.25653,0.25921,32254013.6999999993
1762992000000,0.25923,0.27053,0.23885,0.24469,30100738.6000000015
1763078400000,0.24448,0.24911,0.23053,0.23747,41887975.299999997
1763164800000,0.23747,0.24886,0.23713,0.24113,16863875.0
1763251200000,0.24113,0.24723,0.2278,0.23581,21255246.6999999993
1763337600000,0.23573,0.24264,0.22186,0.22692,31001119.8000000007
1763424000000,0.22697,0.2401,0.22206,0.23733,27598857.1999999993
1763510400000,0.23734,0.23885,0.2175,0.22952,20658075.1999999993
1763596800000,0.22945,0.24127,0.21103,0.21505,30447240.8999999985
1763683200000,0.21498,0.21986,0.18221,0.20184,50172375.3999999985
1763769600000,0.20188,0.20435,0.19528,0.20019,13111948.5999999996
1763856000000,0.20012,0.2052,0.19867,0.20071,13919053.3000000007
1763942400000,0.20066,0.22136,0.19942,0.21727,24760025.1999999993
1764028800000,0.21726,0.22024,0.20864,0.21619,13779699.6999999993
1764115200000,0.21619,0.223,0.2086,0.21859,34871664.3999999985
1764201600000,0.21856,0.2249,0.21598,0.22061,11621271.5
1764288000000,0.22057,0.22505,0.21451,0.21656,26258591.8000000007
1764374400000,0.21664,0.21982,0.21183,0.2142,8467399.4000000004
1764460800000,0.21426,0.22025,0.21003,0.21003,12462983.0999999996
1764547200000,0.21048,0.21128,0.18624,0.19363,36795945.3999999985
1764633600000,0.1936,0.21792,0.19146,0.21265,22334548.0
1764720000000,0.2126,0.22523,0.21055,0.22255,35131556.3999999985
1764806400000,0.22258,0.2247,0.21273,0.21582,15734123.6999999993
1764892800000,0.21582,0.21759,0.19843,0.20215,17405978.1999999993
1764979200000,0.20227,0.20939,0.19939,0.20724,8547954.0
1765065600000,0.20723,0.21316,0.19855,0.20425,17387507.3000000007
1765152000000,0.20407,0.21614,0.20292,0.21234,11477760.1999999993
1765238400000,0.21229,0.23021,0.20897,0.22237,19547437.1000000015
1765324800000,0.22248,0.22958,0.21531,0.21616,20198985.1999999993
1765411200000,0.21615,0.21633,0.2025,0.21246,17919825.5
1765497600000,0.21246,0.21651,0.19769,0.20557,18320987.3000000007
1765584000000,0.20568,0.21829,0.20563,0.21516,9772628.5
1765670400000,0.21516,0.21813,0.20183,0.20449,20951524.6999999993
1765756800000,0.20456,0.21519,0.19013,0.19717,31366304.8000000007
1765843200000,0.1971,0.20397,0.19125,0.20021,22341152.3999999985
1765929600000,0.20021,0.2046,0.18228,0.18457,28651135.0
1766016000000,0.18462,0.1938,0.17187,0.17578,40461173.700000003
1766102400000,0.17581,0.19503,0.17324,0.19257,24565707.1000000015
1766188800000,0.19256,0.19395,0.18828,0.18959,6175319.0999999996
1766275200000,0.18956,0.19165,0.18252,0.18585,13987897.5
1766361600000,0.18598,0.1928,0.18446,0.1874,24104786.6999999993
1766448000000,0.18743,0.191,0.18061,0.19083,17210020.8000000007
1766534400000,0.19095,0.19238,0.18151,0.18773,10523766.5
1766620800000,0.18776,0.19162,0.18357,0.1842,10441919.9000000004
1766707200000,0.18418,0.19382,0.18286,0.19157,8826467.1999999993
1766793600000,0.19161,0.19787,0.19026,0.19706,3722897.7999999998
1766880000000,0.19708,0.19903,0.19248,0.19471,4919745.5
1766966400000,0.19492,0.19959,0.18888,0.1903,9452283.0
1767052800000,0.19037,0.19479,0.18846,0.19073,6452552.5999999996
1767139200000,0.19071,0.19266,0.18386,0.18671,8586724.3000000007
1767225600000,0.18685,0.20215,0.18497,0.20111,7094930.7000000002
1767312000000,0.20115,0.21004,0.19877,0.20894,10259986.6999999993
1767398400000,0.20895,0.21149,0.20394,0.20911,6661772.2999999998
1767484800000,0.2091,0.21834,0.20874,0.21616,6878723.0999999996
1767571200000,0.21627,0.22316,0.21133,0.22088,9133911.0999999996
1767657600000,0.22092,0.22748,0.21144,0.22235,9446412.5999999996
1767744000000,0.22235,0.22235,0.21002,0.21285,8116255.7000000002
1767830400000,0.21269,0.21394,0.20348,0.20879,8547882.3000000007
1767916800000,0.20884,0.21352,0.20467,0.20744,7160940.2000000002
1768003200000,0.20739,0.21317,0.20467,0.20675,3860607.6000000001
1768089600000,0.20686,0.21002,0.20091,0.20417,3511665.7999999998
1768176000000,0.20424,0.21119,0.19911,0.20069,7496542.4000000004
1768262400000,0.20064,0.22568,0.20064,0.22142,9335575.3000000007
1768348800000,0.22141,0.22503,0.21591,0.21744,26102616.3000000007
1768435200000,0.21748,0.2188,0.20512,0.20984,17276126.3000000007
1768521600000,0.20989,0.21102,0.20332,0.20972,7972745.0999999996
1768608000000,0.20981,0.22384,0.20911,0.21647,9532789.9000000004
1768694400000,0.21646,0.22071,0.20601,0.20608,5988814.5
1768780800000,0.20605,0.20615,0.18085,0.19334,30586361.8000000007
1768867200000,0.19333,0.19441,0.17936,0.18179,13447588.0
1768953600000,0.18184,0.1903,0.17925,0.18492,12496826.4000000004
1769040000000,0.18501,0.18863,0.17474,0.17748,8366537.2999999998
1769126400000,0.17765,0.18243,0.17331,0.17666,5712999.2000000002
1769212800000,0.17668,0.18111,0.17509,0.17625,3042026.3999999999
1769299200000,0.17624,0.17711,0.16303,0.16723,12511226.0999999996
1769385600000,0.16728,0.17313,0.16694,0.16999,6324403.2999999998
1769472000000,0.17004,0.17288,0.16636,0.17153,5860547.4000000004
1769558400000,0.17153,0.17298,0.16676,0.17156,10725177.4000000004
1769644800000,0.1716,0.17226,0.15401,0.15836,19906699.8999999985
1769731200000,0.15832,0.15918,0.15083,0.15517,14730677.6999999993
1769817600000,0.15519,0.15531,0.12564,0.14003,31502736.0
1769904000000,0.13994,0.14184,0.13137,0.13504,18033448.0
1769990400000,0.13515,0.1407,0.12862,0.13699,16649913.9000000004
1770076800000,0.13708,0.13776,0.12407,0.13023,30473132.6000000015
1770163200000,0.13029,0.1363,0.12632,0.12819,22819106.0
1770249600000,0.12829,0.12963,0.10637,0.10768,75995218.0
1770336000000,0.10769,0.12191,0.09093,0.12012,60564177.700000003
1770422400000,0.12018,0.12515,0.11493,0.11995,31089414.6000000015
1770508800000,0.1199,0.12029,0.11489,0.11622,10645475.6999999993
1770595200000,0.11635,0.11773,0.10799,0.11316,17623403.0
1770681600000,0.11317,0.1134,0.10796,0.10993,13256261.4000000004
1770768000000,0.10992,0.11275,0.10489,0.10815,24400098.1999999993
1770854400000,0.10821,0.11306,0.10797,0.11158,25510955.3999999985
1770940800000,0.11164,0.1166,0.10824,0.11551,45602341.6000000015
1771027200000,0.11544,0.12219,0.11488,0.12039,8847299.1999999993
1771113600000,0.12044,0.12146,0.11214,0.11464,10065915.3000000007
1771200000000,0.11456,0.11712,0.11148,0.11515,12973609.5999999996
1771286400000,0.11519,0.11582,0.11128,0.11267,7454477.5999999996
1771372800000,0.11276,0.11428,0.10689,0.1076,9727608.0999999996
1771459200000,0.10766,0.10847,0.0971,0.09782,43302849.299999997
1771545600000,0.09784,0.09873,0.09246,0.097,67174835.700000003
1771632000000,0.09699,0.10491,0.09595,0.09835,19250633.5
1771718400000,0.09822,0.09822,0.09323,0.09446,13454295.1999999993
1771804800000,0.09448,0.09622,0.08821,0.09356,41957528.8999999985
1771891200000,0.0936,0.09415,0.08973,0.09203,34222657.6000000015
1771977600000,0.09201,0.10672,0.09129,0.10068,34863052.799999997
1772064000000,0.1007,0.10176,0.09539,0.0999,21986959.6000000015
1772150400000,0.09992,0.11285,0.09724,0.10018,40821994.700000003
1772236800000,0.1003,0.10079,0.09097,0.09966,45608543.1000000015
1772323200000,0.09959,0.10521,0.09576,0.09952,31694061.3999999985
1772409600000,0.09945,0.10868,0.09843,0.10168,21354284.3999999985
1772496000000,0.10182,0.10436,0.09863,0.10246,16522168.6999999993
1772582400000,0.10264,0.1073,0.10097,0.10479,19306770.8999999985
1772668800000,0.10479,0.1057,0.10057,0.10279,13503761.6999999993
1772755200000,0.10276,0.10507,0.09781,0.09985,13028224.9000000004
1772841600000,0.09996,0.10062,0.09569,0.09671,10597772.0
1772928000000,0.0967,0.0973,0.09337,0.09441,12521441.0999999996
1773014400000,0.09439,0.101,0.09431,0.0975,65814530.8999999985
1773100800000,0.09748,0.10214,0.09717,0.09833,22028755.3999999985
1773187200000,0.09836,0.1033,0.09686,0.09985,10597893.3000000007
1773273600000,0.09994,0.10144,0.09727,0.10082,15375159.3000000007
1773360000000,0.10091,0.10727,0.10066,0.10264,13550856.4000000004
1773446400000,0.10261,0.10328,0.09937,0.10092,5634763.2999999998
1773532800000,0.10095,0.10455,0.10013,0.10385,15857359.3000000007
1773619200000,0.10387,0.11144,0.10319,0.1104,24620779.5
1773705600000,0.1104,0.11121,0.10666,0.10783,9148357.0
1773792000000,0.10785,0.10926,0.10014,0.10287,11327677.5999999996
1773878400000,0.10291,0.10381,0.0977,0.09922,13387584.8000000007
1773964800000,0.09924,0.10149,0.09841,0.09976,9269611.1999999993
1774051200000,0.09977,0.10062,0.09563,0.09624,11287148.9000000004
1774137600000,0.09621,0.09709,0.09105,0.09248,20743783.6999999993
1774224000000,0.09248,0.09769,0.09119,0.09748,36038720.1000000015
1774310400000,0.09751,0.09852,0.09459,0.09746,26242591.1999999993
1774396800000,0.09753,0.09996,0.09686,0.09861,11744511.0999999996
1774483200000,0.09866,0.09907,0.09253,0.09376,9676291.0
1774569600000,0.09374,0.09498,0.08942,0.08994,10118184.9000000004
1774656000000,0.08996,0.09233,0.0886,0.0897,10405730.6999999993
1774742400000,0.08974,0.09069,0.08581,0.08823,11246473.5
1774828800000,0.08827,0.09365,0.08816,0.09094,16743751.8000000007
1774915200000,0.09105,0.094,0.09069,0.09292,10492536.8000000007
1775001600000,0.0929,0.09661,0.09212,0.09433,18074809.6000000015
1775088000000,0.09436,0.09543,0.08967,0.09075,13459516.9000000004
1775174400000,0.09077,0.09481,0.09062,0.09222,9903879.4000000004
1775260800000,0.09222,0.09369,0.09138,0.09264,7850280.4000000004
1775347200000,0.09268,0.09466,0.08967,0.0941,11174934.0
1775433600000,0.09419,0.09888,0.09304,0.09362,17804176.1999999993
1775520000000,0.09356,0.10302,0.09249,0.10196,20916743.5
1775606400000,0.10197,0.10642,0.0996,0.1053,43136184.299999997
1775692800000,0.10543,0.10989,0.10049,0.10767,42085708.8999999985
1775779200000,0.10782,0.11657,0.10719,0.11647,47005433.1000000015
1775865600000,0.1165,0.1224,0.11315,0.11535,67144489.799999997
1775952000000,0.11545,0.11609,0.10882,0.11085,35895659.6000000015
1776038400000,0.11088,0.11367,0.10985,0.11348,14735846.8000000007
1776124800000,0.11352,0.11373,0.10892,0.11006,10860750.0
1776211200000,0.11009,0.11748,0.10998,0.1148,32606043.8999999985
1776297600000,0.11485,0.13325,0.11419,0.12886,64733314.299999997
1776384000000,0.12883,0.13674,0.12595,0.13119,49072581.200000003
1776470400000,0.1312,0.13431,0.12579,0.129,37077568.299999997
1776556800000,0.12906,0.12906,0.12114,0.12135,43924933.299999997
1776643200000,0.12136,0.12931,0.12136,0.12697,45052772.299999997
1776729600000,0.12696,0.12874,0.12272,0.12528,41051112.6000000015
1776816000000,0.12529,0.13391,0.12393,0.12835,45049261.200000003
1776902400000,0.1286,0.1293,0.12326,0.12837,28690452.3999999985
1776988800000,0.12848,0.13229,0.12734,0.12864,26728272.1999999993
1777075200000,0.12864,0.13293,0.12725,0.12915,16403507.0999999996
1777161600000,0.12909,0.13266,0.12774,0.12932,14485529.9000000004
1777248000000,0.12935,0.13281,0.12323,0.12656,17846646.8999999985
1777334400000,0.12657,0.12748,0.12283,0.12433,18318908.1000000015
1777420800000,0.12435,0.13283,0.12052,0.1253,19509651.0
1777507200000,0.12532,0.12883,0.12332,0.12348,8385053.5
1777593600000,0.12357,0.1272,0.12258,0.12353,10925686.4000000004
1777680000000,0.12353,0.12445,0.12153,0.12251,8563566.6999999993
1777766400000,0.12264,0.12289,0.1165,0.11727,27258064.6999999993
1777852800000,0.11729,0.12035,0.11366,0.11616,23299718.3000000007
1777939200000,0.11618,0.12134,0.11605,0.11972,15288212.3000000007
1778025600000,0.11969,0.12913,0.11822,0.12795,19544869.6000000015
1778112000000,0.12795,0.13036,0.12283,0.12652,24345764.6000000015
1778198400000,0.12662,0.1477,0.12628,0.14258,64532023.799999997
1778284800000,0.14258,0.1496,0.13872,0.14248,29261403.8999999985
1778371200000,0.1424,0.14616,0.13863,0.144,33203357.8000000007
1778457600000,0.14408,0.14504,0.13979,0.14106,29043186.8999999985
1778544000000,0.14101,0.14205,0.13414,0.13618,19386997.3000000007
1778630400000,0.13621,0.14336,0.13091,0.13195,14539876.9000000004
1778716800000,0.13189,0.13584,0.12831,0.13128,21142843.0
1778803200000,0.13125,0.13249,0.12234,0.12467,20041485.8999999985
1778889600000,0.12475,0.12503,0.1178,0.11937,20128176.5
1778976000000,0.11935,0.12233,0.11267,0.11637,13769344.5
1779062400000,0.11639,0.11781,0.11391,0.1175,13220757.0999999996
1779148800000,0.11751,0.11867,0.11318,0.11354,10546687.0999999996
1779235200000,0.11346,0.11455,0.10958,0.10996,14748235.5
1779321600000,0.10995,0.11577,0.10834,0.11282,33395120.8000000007
1779408000000,0.1129,0.11567,0.10809,0.10872,27740198.0
1779494400000,0.10871,0.11221,0.10316,0.10937,16557667.9000000004
1779580800000,0.10942,0.10992,0.10331,0.10558,11894938.0
1779667200000,0.10572,0.11096,0.10449,0.10836,26400358.5
1779753600000,0.10836,0.113,0.10643,0.10865,31324411.1999999993
1779840000000,0.10874,0.1111,0.10572,0.10707,20258882.3999999985
1779926400000,0.10707,0.10746,0.10048,0.10441,25246803.3999999985
1780012800000,0.10433,0.1065,0.10041,0.10311,20666040.8999999985
1780099200000,0.10309,0.107,0.10277,0.10324,24022300.1999999993
1780185600000,0.1033,0.10504,0.10012,0.10347,23955408.0
1780272000000,0.10356,0.10421,0.09823,0.10227,25854464.8000000007
1780358400000,0.10227,0.10268,0.09086,0.09279,44869948.3999999985
1780444800000,0.09286,0.09804,0.0892,0.09293,50903888.3999999985
1780531200000,0.09284,0.09398,0.08527,0.08925,44424359.1000000015
1780617600000,0.08926,0.08977,0.07698,0.08028,50926072.6000000015
1780704000000,0.08027,0.08115,0.07398,0.07988,25315517.3000000007
1780790400000,0.07984,0.08509,0.07925,0.08301,25587762.3000000007
1780876800000,0.083,0.0845,0.08088,0.08212,31946055.6000000015
1780963200000,0.08208,0.08238,0.07784,0.08026,38422050.299999997
1781049600000,0.0803,0.08169,0.07555,0.07751,21467837.1999999993
1781136000000,0.07744,0.08651,0.07743,0.08346,54971509.3999999985
1781222400000,0.0835,0.08549,0.08183,0.08388,24237166.0
1781308800000,0.08388,0.08687,0.08375,0.08514,15383014.3000000007
1781395200000,0.08518,0.08608,0.08156,0.08584,16912065.5
1781481600000,0.08577,0.08985,0.08482,0.08619,19254950.6000000015
1781568000000,0.08624,0.08797,0.08353,0.08553,18852153.6999999993
1781654400000,0.0856,0.08986,0.08391,0.08565,33768707.700000003
1781740800000,0.08566,0.08774,0.08109,0.08526,24103125.6999999993
1781827200000,0.08527,0.08659,0.08206,0.08378,18052080.8000000007
1781913600000,0.08382,0.085,0.08175,0.08459,16259710.0
1782000000000,0.08459,0.08477,0.08156,0.08184,11526065.1999999993
1782086400000,0.08178,0.08691,0.08178,0.08322,19407806.8999999985
1782172800000,0.08322,0.08336,0.07667,0.07908,26863501.6000000015
1782259200000,0.07904,0.07938,0.07265,0.076,31646003.6999999993
1782345600000,0.07605,0.07743,0.07043,0.07321,27511408.8000000007
1782432000000,0.07331,0.0751,0.07049,0.07433,37437233.299999997
1782518400000,0.07432,0.07584,0.07285,0.0734,15788115.9000000004
1782604800000,0.07339,0.07456,0.07238,0.07387,11325299.0999999996
1782691200000,0.0739,0.07829,0.07299,0.07675,33855723.3999999985
1782777600000,0.07668,0.07689,0.07347,0.0761,31174902.8999999985
1782864000000,0.0761,0.07928,0.07486,0.07662,50720042.6000000015
1782950400000,0.07666,0.07954,0.07628,0.07721,18064130.1000000015
1783036800000,0.07725,0.08148,0.07655,0.08101,17237541.6000000015
1783123200000,0.081,0.08211,0.07905,0.08028,16494625.4000000004
1783209600000,0.08034,0.08135,0.07741,0.08044,18647379.8999999985
1783296000000,0.08045,0.08186,0.07606,0.08021,30691573.3999999985
1783382400000,0.08028,0.08065,0.0765,0.07696,21898295.6999999993
1783468800000,0.07701,0.07847,0.0751,0.07686,35836638.299999997
1783555200000,0.07693,0.09137,0.07662,0.08753,313557324.6999999881
1783641600000,0.0875,0.09599,0.08665,0.09291,206522722.400000006
1783728000000,0.09291,0.09999,0.08983,0.09503,188556014.3000000119
1783814400000,0.09495,0.10149,0.0923,0.09325,128760083.5
1783900800000,0.09325,0.09624,0.08775,0.09031,142396311.5
1783987200000,0.09031,0.09315,0.0887,0.09213,73402147.799999997
1784073600000,0.09224,0.09372,0.08687,0.08841,58448524.8999999985
1784160000000,0.08847,0.09098,0.08553,0.08893,39268044.700000003
1784246400000,0.08907,0.0914,0.08705,0.09059,46508478.8999999985
1784332800000,0.09058,0.0927,0.0878,0.08825,26155207.8999999985
1784419200000,0.08825,0.09017,0.08753,0.08907,17559342.3999999985
1784505600000,0.08903,0.09147,0.08531,0.09043,24409520.1999999993
1784592000000,0.09034,0.09179,0.08784,0.08888,17358142.0
1784678400000,0.08887,0.09193,0.08815,0.09009,44974134.700000003
1784764800000,0.09013,0.09121,0.08554,0.08607,25510130.3999999985
1784851200000,0.08607,0.08687,0.08283,0.08305,30710873.8000000007
1784937600000,0.08302,0.0835,0.08175,0.08249,21838169.3000000007
1785024000000,0.08247,0.08369,0.08195,0.08315,25523818.8999999985
1785110400000,0.08317,0.08318,0.07645,0.07704,72195630.799999997
1785196800000,0.07706,0.07973,0.07668,0.07899,24600683.1000000015
1785283200000,0.07899,0.07955,0.07673,0.07907,26351759.6999999993
1785369600000,0.07918,0.08012,0.07736,0.07742,19397274.8000000007
1785456000000,0.07741,0.07834,0.07552,0.07823,26637174.5
1785542400000,0.07829,0.07972,0.07687,0.07891,30279430.3000000007
1785628800000,0.07889,0.08225,0.07889,0.08157,23533438.8000000007
1785715200000,0.08156,0.08291,0.07981,0.0827,15730394.1999999993
1785801600000,0.08267,0.08403,0.08097,0.08184,22641333.5
1785888000000,0.08182,0.0819,0.08003,0.08041,15541240.8000000007
1785974400000,0.0804,0.08077,0.07673,0.07829,26873199.1000000015
1786060800000,0.07831,0.0793,0.07728,0.07908,17473274.1999999993
1786147200000,0.07909,0.08,0.07788,0.07818,10620397.1999999993
1786233600000,0.07821,0.08065,0.077,0.07779,21451760.8999999985
1786320000000,0.07771,0.08093,0.07748,0.08,21315713.6000000015
1786406400000,0.08001,0.0815,0.07733,0.08029,22774130.1999999993
1786492800000,0.08019,0.08081,0.07356,0.07405,39821714.700000003
1786579200000,0.07401,0.07667,0.07363,0.07522,32768575.8999999985
1786665600000,0.07522,0.07583,0.07288,0.0745,26091844.1000000015
1786752000000,0.07451,0.07539,0.07267,0.07273,16970177.5
1786838400000,0.07272,0.07503,0.07212,0.07347,21786914.8000000007
1786924800000,0.07349,0.07582,0.07337,0.07513,19860473.0
1787011200000,0.07512,0.07598,0.07355,0.07521,19431343.8000000007
1787097600000,0.07526,0.09053,0.075,0.08939,75132722.099999994
1787184000000,0.08945,0.09122,0.0869,0.09093,50006933.3999999985
1787270400000,0.09095,0.10036,0.09043,0.09815,55906884.6000000015
1787356800000,0.09821,0.10969,0.09198,0.09898,70640064.0
1787443200000,0.09907,0.10384,0.09427,0.10136,24027622.8000000007
1787529600000,0.10129,0.10136,0.09563,0.09694,25090051.3000000007
1787616000000,0.09687,0.1001,0.09096,0.09211,23442677.0
1787702400000,0.09214,0.09411,0.08805,0.09274,24717051.8999999985
1787788800000,0.09272,0.09344,0.08966,0.09185,17369521.0
1787875200000,0.09189,0.09434,0.08621,0.08775,25485634.5
1787961600000,0.08774,0.08892,0.0868,0.08763,13648014.1999999993
1788048000000,0.08762,0.091,0.08315,0.08428,60423317.6000000015
1788134400000,0.08422,0.11,0.08388,0.10947,144695173.5
1788220800000,0.10941,0.12004,0.10452,0.11052,365214241.8999999762
1788307200000,0.11054,0.12747,0.10596,0.12422,324588829.8000000119
1788393600000,0.12422,0.14497,0.12234,0.14107,302740068.1999999881
1788480000000,0.14109,0.14654,0.12808,0.13196,198853497.099999994
1788566400000,0.13168,0.18309,0.12887,0.17738,311864218.8000000119
1788652800000,0.17731,0.20636,0.17731,0.18942,426880460.5
1788739200000,0.18946,0.19199,0.16032,0.16948,256183450.5
1788825600000,0.16942,0.17864,0.16408,0.16505,144190442.1999999881
1788912000000,0.165,0.17477,0.14856,0.14943,188431029.6999999881
1788998400000,0.14943,0.15366,0.13948,0.1398,111646219.400000006
1789084800000,0.13986,0.1518,0.1373,0.13951,121021495.299999997
1789171200000,0.13948,0.14623,0.13869,0.1405,42013865.1000000015
1789257600000,0.14045,0.14321,0.13233,0.13292,52517711.0
1789344000000,0.13312,0.1423,0.13282,0.13368,115487079.299999997
1789430400000,0.13365,0.15638,0.13123,0.15171,309981271.6000000238
1789516800000,0.15172,0.17364,0.14838,0.16821,358704698.6000000238
1789603200000,0.16818,0.18466,0.16146,0.17735,259767791.099999994
1789689600000,0.17735,0.23021,0.17595,0.22155,341204246.8000000119
1789776000000,0.2215,0.23103,0.20308,0.2062,152227551.8000000119
1789862400000,0.20625,0.2258,0.19689,0.21804,184679384.6999999881
1789948800000,0.21785,0.24826,0.20974,0.22584,208926826.6999999881
1790035200000,0.22576,0.23647,0.2113,0.23566,165486938.900000006
1790121600000,0.23553,0.256,0.21457,0.21598,310808935.1000000238
1790208000000,0.21582,0.22374,0.21042,0.21641,112240064.200000003
1790294400000,0.21637,0.23119,0.2138,0.2267,103233648.799999997
1790380800000,0.22679,0.23117,0.21703,0.22214,58283912.3999999985
1790467200000,0.22211,0.23713,0.219,0.22632,99525407.099999994
1790553600000,0.22627,0.22916,0.197,0.20194,161138686.900000006
1790640000000,0.2019,0.21624,0.19185,0.20347,105926985.599999994
1790726400000,0.20348,0.21249,0.19974,0.20303,61364413.0
1790812800000,0.20293,0.2085,0.19641,0.19984,56856139.8999999985
1790899200000,0.19981,0.20898,0.18843,0.19579,83727700.299999997
1790985600000,0.19587,0.20422,0.19529,0.20127,52659383.5
1791072000000,0.20127,0.20517,0.19751,0.204,33685703.3999999985
1791158400000,0.20397,0.211,0.19959,0.20784,51074010.700000003
1791244800000,0.20777,0.20833,0.19893,0.19958,40888368.1000000015
1791331200000,0.19963,0.20063,0.1785,0.18553,80458060.400000006
1791417600000,0.18554,0.18866,0.16149,0.17083,75181501.099999994
