trade_id,timestamp,symbol,side,regime_1h,regime_4h,agreement_level,contributing_factors,confidence_score,kelly_weight_applied,compound_size_multiplier,leverage,hold_hours,exit_type,entry_price,snapshot_entry,exit_price,gross_pnl,fees,funding,net_pnl,running_equity,session_dd_pct,ab_gate_hash,predicted_ev,realized_rr,win,epoch_id,position_id,funding_rate_entry,open_interest_entry,premium_entry,pipeline_id,thesis_id
a9a36cec8ce0,1780334668.1151748,ETH,SHORT,range,,2,,0.0,,,2.0,1.39,SL,1969.55,,1984.55,-50.9550,42.8850,0.000000,-93.8400,4812.35,0.0,80,,,0,,,,,,,
43ba36a3142a,1780367850.9051373,BTC,SHORT,range,,1,,0.0,,,2.0,2.75,SL,71517.5,,70825.5,79.2600,29.7650,0.000000,49.4950,4911.36,-2.06,42,,,1,,,,,,,
fae8b97c58b4,1780413521.103189,BTC,SHORT,trending_bear,,1,,0.0,,,1.5,4.53,TP2,69502.5,,67721.5,323.0467,70.6533,0.000000,252.3933,5378.63,-3.11,4,,,1,,,,,,,
92ac4f615818,1780470929.9891403,HYPE,LONG,high_volatility,,1,,0.0,,,2.0,0.91,SL,72.3635,,72.3285,-0.3850,0.8200,0.000000,-1.2050,4997.59,0.0,16,,,0,,,,,,,
ddfdf12e0495,1780521239.2333882,ETH,SHORT,trending_bear,,1,,0.0,,,2.0,8.75,TRAILING_STOP,1871.15,,1797.85,511.1050,5.9200,0.000000,505.1850,6010.42,-7.58,69,,,1,,,,,,,
67fbf20eca1f,1780523945.3389366,BTC,SHORT,trending_bear,,1,,0.0,,,2.5,1.12,SL,65112.5,,65739.5,-54.1840,2.3080,0.000000,-56.4920,5869.21,-5.06,43,,,0,,,,,,,
b52d0b816eb6,1780536113.677632,HYPE,LONG,trend,,1,,0.0,,,3.0,0.72,SL,73.927,,73.0395,-20.0433,0.5600,0.000000,-20.6033,5984.61,-7.12,38,,,0,,,,,,,
00a8adb0557d,1780538019.1951487,SOL,SHORT,high_volatility,,1,,0.0,,,2.0,6.05,TP2,72.29,,68.5605,190.6400,2.1150,0.000000,188.5250,6184.48,-10.7,17,,,1,,,,,,,
240a597fc64f,1780687659.870131,BTC,SHORT,trending,,1,ensemble,84.99749364575044,0.15,,5.6000000000000005,1.61,TRAILING_STOP,60745.4,60913.5,59729.5,7.0286,0.0607,0.000000,6.9696,5039.03,-0.38,59,,,1,,,,,,,
364458e9b1d3,1780720584.6908736,BTC,SHORT,illiquid,,1,ensemble,87.65890368163689,0.15,,5.6000000000000005,5.43,TP2,61368.4,61576.5,59534.5,2.7214,0.0286,0.000000,2.6946,5017.53,-0.17,51,,,1,,,,,,,
fc309c9cbf58,1780723580.5496514,SOL,SHORT,illiquid,,1,ensemble,55.36921171443777,0.15,,5.6000000000000005,3.40,TRAILING_STOP,63.7,63.6955,62.3895,0.6482,0.0036,0.000000,0.6446,5018.7,-0.19,56,,,1,,,,,,,
4ce908416e6f,1780745799.157216,HYPE,SHORT,consolidation,,1,ensemble,82.88374071990208,0.15,,4.0,1.93,TRAILING_STOP,60.0035,,59.281,2.0725,0.0225,0.000000,2.0500,5008.2,-0.03,83,,,1,,,,,,,
7327f01baacd,1780764750.6785333,SOL,SHORT,trending_bear,,1,,0.0,,,1.5,1.68,SL,61.751,,62.1355,-0.7400,0.0867,0.000000,-0.8267,5003.3,0.0,21,,,0,,,,,,,
ce236214be17,1780830204.080103,ETH,LONG,trending_bull,,1,,0.0,,,4.0,9.17,TRAILING_STOP,1586.35,,1625.25,4.8025,0.0400,0.000000,4.7625,4985.42,-0.14,67,,,1,,,,,,,
4f0cc83db005,1780834926.5797937,BTC,LONG,trending_bull,,1,,0.0,,,3.0,9.04,TIME_STOP,61724.0,,62101.5,1.5300,0.0800,0.000000,1.4500,4989.77,-0.23,13,,,1,,,,,,,
98b24ea249de,1780839525.0349078,SOL,LONG,consolidation,,2,,0.0,,,2.0,0.42,LLM_EXIT_AGENT,64.234,,64.23,0.0400,0.1100,0.000000,-0.0700,4989.63,-0.23,30,,,0,,,,,,,
2a6992ec0738,1780842625.5224326,BTC,SHORT,consolidation,,1,,0.0,,,2.5,0.33,LLM_EXIT_AGENT,61778.5,,62125.5,-1.6200,0.1200,0.000000,-1.7400,4985.28,0.0,52,,,0,,,,,,,
ffe0c812197e,1780865589.2964709,SOL,SHORT,trend,,2,,0.0,,,2.5,0.64,LLM_EXIT_AGENT,64.216,,64.7115,-1.4920,0.0800,0.000000,-1.5720,4981.35,0.08,58,,,0,,,,,,,
ff7126ba61bc,1780867719.339831,ETH,SHORT,consolidation,,1,,0.0,,,2.5,0.36,LLM_EXIT_AGENT,1623.15,,1627.85,-0.6480,0.0960,0.000000,-0.7440,4979.49,0.12,52,,,0,,,,,,,
082e11055081,1780870964.788556,SOL,SHORT,range,,1,,0.0,,,2.5,1.10,LLM_EXIT_AGENT,64.56,,65.4635,-25.8800,0.7560,0.000000,-26.6360,4912.9,1.45,85,,,0,,,,,,,
2195701e3a5d,1780900441.427983,SOL,LONG,trend,,2,,0.0,,,15.0,6.08,LLM_EXIT_AGENT,66.491,,65.7055,-2.0553,0.0113,0.000000,-2.0667,4881.94,2.07,25,,,0,,,,,,,
3514b13fa6b2,1780907137.9422734,HYPE,LONG,consolidation,,2,,0.0,,,2.5,1.67,LLM_EXIT_AGENT,62.9575,,62.3065,-85.8040,3.3680,0.000000,-89.1720,4659.02,6.54,22,,,0,,,,,,,
07906b45600d,1780921653.8520083,BTC,LONG,trending_bull,,1,,0.0,,,3.0,2.35,LLM_EXIT_AGENT,63406.5,,62942.5,-1.6733,0.0767,0.000000,-1.7500,4653.76,6.65,41,,,0,,,,,,,
87de71416d45,1781006499.060085,ETH,SHORT,range,,1,,0.0,,,1.5,0.60,LLM_EXIT_AGENT,1665.85,,1668.85,-0.3333,0.1533,0.000000,-0.4867,4653.04,0.0,93,,,0,,,,,,,
04e410651e27,1781024704.739107,BTC,SHORT,trending_bear,,1,,0.0,,,2.0,19.93,TRAILING_STOP,63691.5,,61638.5,7.3100,0.1150,0.000000,7.1900,4667.42,0.0,3,,,1,,,,,,,
24b09ee3f778,1781029386.3585436,SOL,SHORT,range,,2,,0.0,,,2.0,1.38,LLM_EXIT_AGENT,63.884,,64.9465,-3.2250,0.1000,0.000000,-3.3250,4660.77,0.14,84,,,0,,,,,,,
4882299acdb6,1781042024.920428,BTC,SHORT,trending_bear,,1,,0.0,,,1.5,4.30,LLM_EXIT_AGENT,61736.5,,61773.5,-1.4467,3.6267,0.000000,-5.0733,4653.17,0.31,14,,,0,,,,,,,
d2580e077017,1781079656.8656812,ETH,SHORT,range,,1,,0.0,,,1.5,1.27,LLM_EXIT_AGENT,1631.25,,1638.55,-11.2533,1.8133,0.000000,-13.0667,4633.57,0.73,79,,,0,,,,,,,
71cabf320389,1781635887.4143102,SOL,SHORT,unknown,,1,,0.0,,,1.5,160.82,SL,65.125,,74.1495,-27.0067,0.1400,0.000000,-27.1467,4592.85,0.0,41,,,0,,,,,,,
81bad1db2757,1780378114.6363,HYPE,LONG,high_volatility,,1,RECONSTRUCTED_FROM_LOG,0,,,2.0,0.53,LLM_EXIT_AGENT,73.8765,,73.3235,-27.8600,0.0000,0.000000,-27.8600,,,,,,0,,,,,,,
6ecee054a217,1780395182.066196,BTC,SHORT,trending_bear,,1,RECONSTRUCTED_FROM_LOG,0,,,1.0,5.01,TIME_STOP,70730.5,,69723.5,77.2800,0.0000,0.000000,77.2800,,,,,,1,,,,,,,
b5514a38ac7a,1780395496.612607,HYPE,SHORT,high_volatility,,1,RECONSTRUCTED_FROM_LOG,0,,,1.0,1.20,LLM_EXIT_AGENT,71.257,,71.592,-8.0200,0.0000,0.000000,-8.0200,,,,,,0,,,,,,,
3397eb8c0c94,1780395518.355772,ETH,SHORT,consolidation,,1,RECONSTRUCTED_FROM_LOG,0,,,1.5,1.08,LLM_EXIT_AGENT,1971.85,,1979.05,-44.0400,0.0000,0.000000,-44.0400,,,,,,0,,,,,,,
3adff79f97fe,1780403385.417912,ETH,SHORT,range,,1,RECONSTRUCTED_FROM_LOG,0,,,1.5,2.01,TIME_STOP,1979.25,,1979.05,-9.4333,0.0000,0.000000,-9.4333,,,,,,0,,,,,,,
8c2838cf524e,1780411447.353329,HYPE,LONG,high_volatility,,1,RECONSTRUCTED_FROM_LOG,0,,,2.0,0.82,LLM_EXIT_AGENT,73.178,,72.59,-19.5350,0.0000,0.000000,-19.5350,,,,,,0,,,,,,,
8c4c86849005,1780421023.854113,ETH,SHORT,unknown,,1,RECONSTRUCTED_FROM_LOG,0,,,1.0,2.16,TIME_STOP,1933.75,,1927.15,9.0100,0.0000,0.000000,9.0100,,,,,,1,,,,,,,
f6f780675941,1780445743.921051,HYPE,SHORT,high_volatility,,1,RECONSTRUCTED_FROM_LOG,0,,,2.0,4.34,LLM_EXIT_AGENT,70.528,,70.5505,-2.0000,0.0000,0.000000,-2.0000,,,,,,0,,,,,,,
229e6d8c1f53,1780467947.958416,ETH,SHORT,trending_bear,,1,RECONSTRUCTED_FROM_LOG,0,,,3.0,0.70,LLM_EXIT_AGENT,1865.55,,1872.15,-13.1833,0.0000,0.000000,-13.1833,,,,,,0,,,,,,,
6bfa255822eb,1780484257.453434,HYPE,LONG,high_volatility,,1,RECONSTRUCTED_FROM_LOG,0,,,2.0,0.79,LLM_EXIT_AGENT,72.6205,,72.5785,-3.2600,0.0000,0.000000,-3.2600,,,,,,0,,,,,,,
5a92fb4ce7fa,1780542448.24834,BTC,SHORT,trending_bear,,1,RECONSTRUCTED_FROM_LOG,0,,,2.0,2.00,LLM_EXIT_AGENT,63405.5,,63721.5,-22.1400,0.0000,0.000000,-22.1400,,,,,,0,,,,,,,
e5642faae36b,1780542484.101032,ETH,SHORT,range,,1,RECONSTRUCTED_FROM_LOG,0,,,3.5,1.51,LLM_EXIT_AGENT,1783.55,,1783.95,-1.0029,0.0000,0.000000,-1.0029,,,,,,0,,,,,,,
ce26a077912b,1780545175.566685,ETH,SHORT,range,,1,RECONSTRUCTED_FROM_LOG,0,,,3.0,0.55,LLM_EXIT_AGENT,1796.15,,1808.45,-16.9333,0.0000,0.000000,-16.9333,,,,,,0,,,,,,,
1d3d0ac521ca,1780545208.001348,BTC,SHORT,trending_bear,,1,RECONSTRUCTED_FROM_LOG,0,,,2.0,0.47,LLM_EXIT_AGENT,63956.5,,64307.5,-17.6100,0.0000,0.000000,-17.6100,,,,,,0,,,,,,,
1fccd3b547d8,1780581532.025889,BTC,SHORT,unknown,,1,RECONSTRUCTED_FROM_LOG,0,,,5.0,8.22,TIME_STOP,64234.5,,63999.5,10.5500,0.0000,0.000000,10.5500,,,,,,1,,,,,,,
e0cb613d135f,1780585719.568415,SOL,SHORT,unknown,,1,RECONSTRUCTED_FROM_LOG,0,,,2.0,8.17,TIME_STOP,70.385,,70.3135,1.5800,0.0000,0.000000,1.5800,,,,,,1,,,,,,,
4171ff989a11,1780586683.63144,ETH,SHORT,unknown,,1,RECONSTRUCTED_FROM_LOG,0,,,3.0,8.02,TIME_STOP,1777.05,,1776.95,-0.2700,0.0000,0.000000,-0.2700,,,,,,0,,,,,,,
b322897d164e,1780731637.455254,HYPE,SHORT,illiquid,,1,RECONSTRUCTED_FROM_LOG,83.8040842997511,,,4.0,0.31,LLM_EXIT_AGENT,59.7365,,60.1025,-0.3725,0.0000,0.000000,-0.3725,,,,,,0,,,,,,,
e8c14025624b,1780734279.933509,HYPE,SHORT,illiquid,,1,RECONSTRUCTED_FROM_LOG,83.76994711280493,,,4.0,0.45,LLM_EXIT_AGENT,59.9975,,60.1635,-0.3650,0.0000,0.000000,-0.3650,,,,,,0,,,,,,,
63427376e1d1,1780736253.424823,SOL,SHORT,illiquid,,1,RECONSTRUCTED_FROM_LOG,56.05668721831816,,,5.6000000000000005,1.70,LLM_EXIT_AGENT,62.932,,63.3415,-0.1786,0.0000,0.000000,-0.1786,,,,,,0,,,,,,,
b1a1b87a7831,1780751586.594274,ETH,SHORT,consolidation,,1,RECONSTRUCTED_FROM_LOG,0,,,2.0,2.19,LLM_EXIT_AGENT,1548.75,,1569.75,-1.8250,0.0000,0.000000,-1.8250,,,,,,0,,,,,,,
caa342894326,1780783209.417953,ETH,SHORT,consolidation,,1,RECONSTRUCTED_FROM_LOG,0,,,1.2,1.86,LLM_EXIT_AGENT,1552.05,,1558.95,-30.3833,0.0000,0.000000,-30.3833,,,,,,0,,,,,,,
b150c8355912,1780783299.869797,SOL,SHORT,trend,,1,RECONSTRUCTED_FROM_LOG,0,,,1.0,1.78,LLM_EXIT_AGENT,61.611,,61.9365,-0.4800,0.0000,0.000000,-0.4800,,,,,,0,,,,,,,
6593988093ba,1781654320.6266637,ETH,LONG,trending_bull,,1,,0.0,,,1.5,4.77,LLM_EXIT_AGENT,1793.55,,1793.15,0.0200,0.1400,0.000000,-0.1133,4592.68,0.0,46,,,0,,,,,,,
55c6f8c12f00,1781664835.8114235,ETH,LONG,consolidation,,1,,0.0,,,1.5,0.74,LLM_EXIT_AGENT,1797.75,,1794.55,-6.7200,3.0933,0.000000,-9.8133,4577.95,0.32,16,,,0,,,,,,,
cc70616b6e3c,1781692162.9214013,BTC,SHORT,trend,,2,,0.0,,,2.0,0.45,LLM_EXIT_AGENT,64873.5,,64914.5,-1.7850,2.3400,0.000000,-4.1250,4569.7,0.5,80,,,0,,,,,,,
aca212412d8c,1781699594.72856,SOL,SHORT,range,,2,,0.0,,,2.0,1.18,LLM_EXIT_AGENT,71.85,,71.9355,-0.1050,0.0550,0.000000,-0.1600,4569.38,0.51,12,,,0,,,,,,,
f929499ac1cc,1781712872.7530756,BTC,SHORT,trend,,1,,0.0,,,1.5,1.64,LLM_EXIT_AGENT,65436.5,,65474.5,-0.0533,0.1333,0.000000,-0.1867,4569.1,0.51,84,,,0,,,,,,,
ebc382d0899a,1781719755.6162875,HYPE,LONG,consolidation,,2,,0.0,,,1.0,2.10,LLM_EXIT_AGENT,74.5715,,72.9295,-21.0200,0.9700,0.000000,-21.9900,4547.11,0.99,74,,,0,,,,,,,
5169b4cbfe4c,1781725008.8235717,HYPE,LONG,trending_bull,,1,,0.0,,,1.0,1.14,LLM_EXIT_AGENT,74.2045,,71.754,-256.3000,7.7500,0.000000,-264.0500,4283.06,6.74,24,,,0,,,,,,,
f2f21f93ae31,1781766842.0084178,BTC,SHORT,high_volatility,,1,,0.0,,,1.5,1.77,LLM_EXIT_AGENT,63943.5,,64064.5,-0.3133,0.1333,0.000000,-0.4467,4282.39,6.76,5,,,0,,,,,,,
73e19f3ffd61,1781766923.7929509,ETH,SHORT,trend,,1,,0.0,,,2.0,2.32,LLM_EXIT_AGENT,1731.05,,1734.95,-0.3700,0.0900,0.000000,-0.4600,4281.47,6.78,17,,,0,,,,,,,
212a5576fe91,1781771339.9445477,BTC,SHORT,trending_bear,,2,,0.0,,,1.5,0.46,LLM_EXIT_AGENT,64430.5,,64610.5,-0.1600,0.0400,0.000000,-0.2000,4281.17,6.78,17,,,0,,,,,,,
d1b0ebe0c4c9,1781827011.9781451,BTC,SHORT,trending_bear,,1,,0.0,,,1.0,1.48,LLM_EXIT_AGENT,62816.5,,62901.5,-0.1900,0.2300,0.000000,-0.4200,4280.75,6.79,81,,,0,,,,,,,
75b172d68a32,1781877596.4457104,BTC,SHORT,trending_bear,,1,,0.0,,,1.0,0.68,LLM_EXIT_AGENT,62750.5,,63025.5,-0.3200,0.0800,0.000000,-0.4000,4280.35,6.8,90,,,0,,,,,,,
cbdc6818479f,1781922387.6722395,HYPE,LONG,range,,1,,0.0,,,1.5,12.29,SL,68.3425,,68.6785,0.8600,0.1067,0.000000,0.7533,4281.48,0.0,11,,,1,,,,,,,
c670b53c805c,1781939825.916259,ETH,LONG,consolidation,,1,,0.0,,,1.5,2.04,LLM_EXIT_AGENT,1725.15,,1724.65,0.0067,0.1400,0.000000,-0.1333,4281.28,0.0,16,,,0,,,,,,,
706daf77439e,1781949173.5707645,ETH,LONG,range,,2,,0.0,,,1.0,2.06,LLM_EXIT_AGENT,1727.75,,1727.75,0.1200,0.2300,0.000000,-0.1200,4281.17,0.01,70,,,0,,,,,,,
e3378de933a6,1781963478.4468474,BTC,LONG,consolidation,,1,,0.0,,,2.0,5.76,LLM_EXIT_AGENT,63525.5,,63443.5,-0.2200,0.1050,0.000000,-0.3250,4280.51,0.02,98,,,0,,,,,,,
e8c45fe99e68,1781977034.6717343,SOL,LONG,high_volatility,,1,,0.0,,,1.0,2.36,LLM_EXIT_AGENT,71.806,,71.4215,-4.0700,0.8400,0.000000,-4.9100,4275.61,0.0,8,,,0,,,,,,,
da5ace12f4ad,1781978624.3908741,ETH,LONG,trending_bull,,1,,0.0,,,1.0,2.78,LLM_EXIT_AGENT,1732.45,,1726.55,-4.4200,1.5200,0.000000,-5.9300,4269.67,0.14,89,,,0,,,,,,,
a0d03492911b,1781984823.0332875,HYPE,SHORT,unknown,,1,,0.0,,,1.0,2.98,SL,69.9145,,69.9055,0.2200,0.3400,0.000000,-0.1300,4269.54,0.14,63,,,0,,,,,,,
2988a88033fd,1781986843.3515937,BTC,LONG,trend,,1,,0.0,,,1.0,4.30,LLM_EXIT_AGENT,64100.5,,63943.5,-3.3300,1.7100,0.000000,-5.0400,4264.51,0.26,77,,,0,,,,,,,
72c7ba82765d,1781996829.7284384,HYPE,SHORT,unknown,,1,,0.0,,,1.0,2.45,LLM_EXIT_AGENT,69.5235,,70.78,-8.4300,0.4800,0.000000,-8.9100,4255.59,0.0,25,,,0,,,,,,,
259eda11fcfd,1782038892.7761037,BTC,SHORT,range,,1,,0.0,,,1.0,1.56,SL,63951.5,,64348.5,-17.9000,3.1500,0.000000,-21.0500,4234.54,0.0,45,,,0,,,,,,,
6202cf4c1da0,1782067594.769305,ETH,SHORT,consolidation,,2,,0.0,,,1.0,8.54,SL,1733.65,,1732.05,2.2400,1.7400,0.000000,0.4900,4235.03,-0.01,72,,,1,,,,,,,
a6fd9f1db17d,1782084826.592015,ETH,SHORT,consolidation,,1,,0.0,,,1.0,2.18,LLM_EXIT_AGENT,1710.65,,1711.05,0.3800,1.4400,0.000000,-1.0600,4248.17,-0.32,29,,,0,,,,,,,
14a4030d31f9,1782090142.816322,HYPE,SHORT,trending_bear,,1,,0.0,,,1.0,23.78,TRAILING_STOP,70.3765,,67.712,23.6500,0.5200,0.000000,23.1300,4257.11,-0.53,73,,,1,,,,,,,
84bad35b3a28,1782091473.3798022,BTC,SHORT,consolidation,,1,,0.0,,,1.0,4.32,LLM_EXIT_AGENT,63798.5,,63926.5,-2.4600,1.6300,0.000000,-4.0900,4253.02,-0.44,28,,,0,,,,,,,
a8338a60fc1d,1782091722.4661696,SOL,SHORT,consolidation,,1,,0.0,,,1.0,4.26,LLM_EXIT_AGENT,73.233,,73.4295,-1.6000,0.7300,0.000000,-2.3300,4250.69,-0.38,69,,,0,,,,,,,
44ab8d98058a,1782092538.856524,ETH,SHORT,consolidation,,2,,0.0,,,1.0,1.93,SL,1706.05,,1745.95,-30.7100,1.3600,0.000000,-32.0700,4218.61,0.38,30,,,0,,,,,,,
81f70df9f052,1782110188.3615057,BTC,SHORT,consolidation,,1,,0.0,,,1.0,2.25,LLM_EXIT_AGENT,63958.5,,64189.5,-4.1300,1.3300,0.000000,-5.4600,4213.16,0.5,10,,,0,,,,,,,
952726a15019,1782114825.503474,HYPE,SHORT,unknown,,1,,0.0,,,1.0,4.54,LLM_EXIT_AGENT,67.1045,,67.3045,-0.8800,0.3600,0.000000,-1.2400,4211.92,0.53,77,,,0,,,,,,,
53be6dda79fe,1782151087.6968582,BTC,LONG,consolidation,,3,,0.0,,,1.5,6.24,LLM_EXIT_AGENT,64557.5,,64517.5,-0.5867,1.3667,0.000000,-1.9533,4208.99,0.6,70,,,0,,,,,,,
a5d3def0009a,1782165558.5182083,BTC,LONG,consolidation,,1,,0.0,,,1.0,3.00,LLM_EXIT_AGENT,64348.5,,64223.5,-1.8400,1.2700,0.000000,-3.1100,4205.88,0.0,42,,,0,,,,,,,
73708b4c1fb7,1782176374.1156778,HYPE,SHORT,trend,,1,,0.0,,,1.0,2.43,LLM_EXIT_AGENT,66.2175,,66.258,-0.0400,0.3800,0.000000,-0.4200,4205.46,0.0,71,,,0,,,,,,,
3a27901ca886,1782183014.8400705,ETH,SHORT,consolidation,,1,,0.0,,,1.0,2.34,LLM_EXIT_AGENT,1721.55,,1730.75,-3.7100,0.7700,0.000000,-4.4800,4200.98,0.11,6,,,0,,,,,,,
4490c865c63c,1782187942.579623,SOL,SHORT,consolidation,,1,,0.0,,,1.0,4.44,LLM_EXIT_AGENT,71.941,,71.9695,0.0800,0.7800,0.000000,-0.7000,4200.28,0.12,76,,,0,,,,,,,
c15c275bed38,1782214237.5087419,ETH,SHORT,consolidation,,1,,0.0,,,1.0,5.16,TRAILING_STOP,1692.05,,1659.45,22.4100,1.0100,0.000000,21.4000,4056.33,-0.14,28,,,1,,,,,,,
3d2566b504b9,1782224776.0633714,HYPE,SHORT,unknown,,2,,0.0,,,1.0,6.34,LLM_EXIT_AGENT,63.6165,,63.6325,0.0900,0.3800,0.000000,-0.2800,4056.05,-0.13,45,,,0,,,,,,,
61cd68225e49,1782260485.071751,BTC,SHORT,trend,,1,,0.0,,,1.0,5.35,SL,62218.5,,62839.5,-11.0400,1.1700,0.000000,-12.2100,2043.84,0.0,77,,,0,,,,,,,
f6704e14ffc9,1782273506.627167,SOL,LONG,consolidation,,1,,0.0,,,1.0,4.26,SL,69.419,,69.5205,1.1000,0.5600,0.000000,0.5400,2044.38,-0.03,97,,,1,,,,,,,
a4edb41e0ce7,1782301824.4189365,BTC,SHORT,consolidation,,1,,0.0,,,1.0,8.84,SL,62598.5,,63066.5,-8.2600,1.1900,0.000000,-9.4500,2034.93,0.44,79,,,0,,,,,,,
1745d1f3216c,1782318327.970737,ETH,SHORT,consolidation,,1,,0.0,,,1.0,13.80,TRAILING_STOP,1665.65,,1632.75,22.8200,0.9900,0.000000,21.8300,2065.63,-1.07,20,,,1,,,,,,,
aca5f325d807,1782325011.6233404,SOL,SHORT,consolidation,,2,,0.0,,,1.0,13.53,TRAILING_STOP,69.285,,65.6985,24.3200,0.5100,0.000000,23.8200,2091.18,-2.32,35,,,1,,,,,,,
715472bc393a,1782325729.6588686,BTC,SHORT,consolidation,,1,,0.0,,,1.0,4.88,TRAILING_STOP,61963.5,,59774.5,21.0100,0.6500,0.000000,20.3600,2102.66,-2.88,94,,,1,,,,,,,
3135df57149c,1782325870.3045428,ETH,SHORT,consolidation,,2,,0.0,,,1.0,1.83,TRAILING_STOP,1622.75,,1577.2,3.3800,0.1100,0.000000,3.2700,2104.2,-2.95,88,,,1,,,,,,,
39338473d73c,1782333801.0156531,HYPE,SHORT,consolidation,,1,,0.0,,,1.0,24.11,SL,62.7055,,62.6575,0.1900,0.1600,0.000000,0.0300,2104.23,-2.95,80,,,1,,,,,,,
f5e312798f57,1782364746.1405365,BTC,SHORT,consolidation,,1,,0.0,,,1.0,2.96,SL,60842.5,,61636.5,-9.4600,0.7600,0.000000,-10.2200,2094.01,0.0,51,,,0,,,,,,,
7d1e15d1e252,1782365978.2518318,ETH,SHORT,consolidation,,1,,0.0,,,1.0,4.06,SL,1619.95,,1647.45,-1.6400,0.1000,0.000000,-1.7400,2092.28,0.08,78,,,0,,,,,,,
8824aa4a0aec,1782395734.6522908,HYPE,LONG,trend,,1,,0.0,,,1.0,4.76,SL,63.4965,,60.025,-11.3500,0.2000,0.000000,-11.5600,2080.72,0.0,72,,,0,,,,,,,
5cf1c18d6b77,1782395836.3054113,BTC,LONG,consolidation,,1,,0.0,,,1.0,7.39,SL,61696.5,,58590.0,-25.1300,0.4900,0.000000,-25.6200,2055.1,1.23,3,,,0,,,,,,,
9c7af3356484,1782395962.3866048,ETH,LONG,consolidation,,1,,0.0,,,1.0,7.06,SL,1652.25,,1537.15,-26.2500,0.3700,0.000000,-26.6200,2028.49,2.51,96,,,0,,,,,,,
3fdc793aded9,1782397898.2368164,SOL,SHORT,consolidation,,1,,0.0,,,2.0,4.98,TRAILING_STOP,68.837,,65.585,8.6100,0.0750,0.000000,8.5350,2045.55,1.69,81,,,1,,,,,,,
b386d6b65439,1782423334.3007858,ETH,SHORT,unknown,,1,,0.0,,,2.0,3.09,SL,1572.55,,1573.05,-0.0050,0.0550,0.000000,-0.0600,2045.44,0.0,5,,,0,,,,,,,
ebcac5a35171,1782455121.350291,XRP,SHORT,consolidation,,1,,0.0,,,1.0,8.73,SL,1.038,,1.0371,0.2500,0.2000,0.000000,0.0500,2045.48,-0.0,21,,,1,,,,,,,
a72b815990f0,1782455133.5805016,SOL,SHORT,range,,1,,0.0,,,1.0,11.86,SL,66.244,,69.2525,-4.5800,0.1000,0.000000,-4.6900,2040.8,0.23,92,,,0,,,,,,,
dea4f2f96eba,1782458224.026275,ETH,SHORT,consolidation,,2,,0.0,,,1.0,9.28,SL,1579.45,,1578.25,0.3800,0.3100,0.000000,0.0800,2040.88,0.22,98,,,1,,,,,,,
22bec25602ae,1782487516.623168,ETH,SHORT,unknown,,1,,0.0,,,1.0,2.32,SL,1533.55,,1579.35,-9.1900,0.3200,0.000000,-9.5000,2031.37,0.69,10,,,0,,,,,,,
198eb66bf5ce,1782527009.3796268,XRP,SHORT,unknown,,2,,0.0,,,1.0,16.51,SL,1.0295,,1.06435,-9.0300,0.2800,0.000000,-9.3100,2022.07,1.14,22,,,0,,,,,,,
c75b2d29f7a9,1782573019.777749,ETH,SHORT,unknown,,1,,0.0,,,1.0,22.12,SL,1577.35,,1597.85,-7.8500,0.6300,0.000000,-8.4800,2013.59,1.56,57,,,0,,,,,,,
88b42b89e626,1782573164.9897995,BTC,SHORT,trending_bull,,1,,0.0,,,1.0,43.84,SL,59224.5,,60865.5,-8.3700,0.3100,0.000000,-8.6800,2004.92,1.98,54,,,0,,,,,,,
b9c4678c18dc,1782574745.72023,XRP,SHORT,unknown,,1,,0.0,,,1.0,10.51,SL,1.0566,,1.07495,-8.1700,0.4900,0.000000,-8.6500,1996.27,2.4,28,,,0,,,,,,,
e8cca02cf86d,1782583090.2123122,XRP,LONG,unknown,,1,,0.0,,,1.0,2.11,SL,1.0735,,1.06075,-7.9600,0.7000,0.000000,-8.6600,1987.61,2.83,57,,,0,,,,,,,
66236b764427,1782630284.5927503,SOL,SHORT,unknown,,2,,0.0,,,1.0,12.05,TRAILING_STOP,71.905,,70.6925,12.5300,0.6100,0.000000,11.9100,1999.53,2.24,19,,,1,,,,,,,
90ec65e48b21,1782688115.2126455,BTC,SHORT,high_volatility,,1,,0.0,,,1.0,27.71,TRAILING_STOP,60270.5,,59297.5,16.7800,0.9400,0.000000,15.8500,2015.38,-0.33,41,,,1,,,,,,,
6e516f573822,1782693822.197576,XRP,SHORT,high_volatility,,1,,0.0,,,1.0,29.76,TRAILING_STOP,1.059,,1.04085,15.5500,0.7200,0.000000,14.8300,2030.23,-1.07,14,,,1,,,,,,,
f39ce6ef0894,1782701287.6624222,ETH,SHORT,high_volatility,,1,,0.0,,,1.0,31.20,SL,1578.05,,1575.05,1.3200,0.5500,0.000000,0.7700,2031.01,-1.11,24,,,1,,,,,,,
6c1279a837d3,1782702447.5263011,SOL,SHORT,unknown,,1,,0.0,,,1.0,8.10,SL,71.067,,72.8585,-10.6100,0.4300,0.000000,-11.0400,2019.97,-0.56,11,,,0,,,,,,,
beeddeddd0dd,1782702666.0855122,HYPE,SHORT,range,,1,,0.0,,,1.5,80.59,SL,62.8795,,62.7795,0.1200,0.0400,0.000000,0.0733,2020.09,-0.57,69,,,1,,,,,,,
bad915d0e5a9,1782703767.0702884,BTC,SHORT,unknown,,2,,0.0,,,1.0,4.18,SL,59352.0,,60141.5,-8.6700,0.6800,0.000000,-9.3500,2010.74,-0.1,85,,,0,,,,,,,
ceea6cbaf70a,1782715355.8217707,XRP,LONG,unknown,,1,,0.0,,,1.0,5.70,SL,1.0475,,1.04865,0.6100,0.3800,0.000000,0.2300,2010.96,-0.11,86,,,1,,,,,,,
3979b363efb2,1782752929.6341298,ETH,SHORT,unknown,,1,,0.0,,,1.0,3.05,SL,1565.25,,1592.65,-7.9000,0.4700,0.000000,-8.3700,2002.6,0.0,38,,,0,,,,,,,
4c5f602a9612,1782753421.7027147,BTC,SHORT,unknown,,1,,0.0,,,1.0,2.17,SL,59128.5,,60548.5,-9.5000,0.4100,0.000000,-9.9100,1992.69,0.0,62,,,0,,,,,,,
0280a1e26021,1782779616.4789417,XRP,LONG,range,,1,,0.0,,,1.0,12.85,SL,1.0528,,1.05075,-0.1900,0.2900,0.000000,-0.4800,1992.21,0.02,61,,,0,,,,,,,
bd40bfac2f0c,1782786318.1617756,ETH,LONG,trending_bull,,2,,60.228655553377344,,,1.0,6.66,SL,1623.55,,1590.25,-7.8200,0.3900,0.000000,-8.2100,1984.0,0.44,0,,,0,,,,,,,
b95c848aa0bd,1782799255.2259798,ETH,SHORT,unknown,,1,,70.0,,,1.0,3.19,SL,1592.85,,1590.45,0.5900,0.3000,0.000000,0.3000,1984.3,0.42,21,,,1,,,,,,,
320e0a970e3f,1782807040.4325674,SOL,LONG,range,,1,,65.0,,,1.0,7.95,LLM_EXIT_AGENT,75.124,,74.0805,-3.4900,0.2600,0.000000,-3.7500,1980.55,0.0,87,,,0,,,,,,,
b23af9a197bc,1782807050.3788147,HYPE,LONG,range,,1,,65.0,,,1.0,5.67,LLM_EXIT_AGENT,65.9995,,65.5315,-1.0400,0.1600,0.000000,-1.2000,1979.35,0.06,20,,,0,,,,,,,
b27aa918b954,1782809193.9795973,BTC,LONG,trending_bear,,1,,62.25956824401074,,,1.0,9.82,LLM_EXIT_AGENT,60402.5,,59233.5,-7.5600,0.4000,0.000000,-7.9600,1971.39,0.46,52,,,0,,,,,,,
8683590fd44b,1782833656.6386707,HYPE,SHORT,unknown,,1,,65.0,,,1.0,2.40,LLM_EXIT_AGENT,64.7965,,64.887,-0.2200,0.2400,0.000000,-0.4500,1970.93,0.49,71,,,0,,,,,,,
2097ce47406d,1782846112.5331695,SOL,SHORT,consolidation,,1,,60.0,,,1.0,4.87,LLM_EXIT_AGENT,73.345,,73.6025,-0.0400,0.2800,0.000000,-0.3200,1970.61,0.5,73,,,0,,,,,,,
ceb1d3d8c51d,1782862734.6577628,SOL,LONG,unknown,,1,,75.86430531570022,,,1.0,3.93,LLM_EXIT_AGENT,73.753,,73.6135,-0.9500,0.6800,0.000000,-1.6300,1968.98,0.58,61,,,0,,,,,,,
14f2d08c192f,1782870729.0425415,BTC,SHORT,consolidation,,1,,65.0,,,1.0,3.82,LLM_EXIT_AGENT,58601.5,,58788.5,-1.1900,0.4400,0.000000,-1.6400,1967.35,0.67,67,,,0,,,,,,,
ebd86bb07a26,1782877478.369553,XRP,SHORT,trend,,1,,65.0,,,1.0,25.94,SL,1.0482,,1.04795,0.2000,0.2000,0.000000,-0.0000,1967.34,0.67,14,,,0,,,,,,,
01fb7ab00b66,1782877906.629788,ETH,SHORT,trend,,1,,60.0,,,1.0,21.04,SL,1593.15,,1591.25,0.0600,0.0500,0.000000,0.0100,1967.35,0.67,78,,,1,,,,,,,
86c12e26281d,1782898244.9154727,XRP,LONG,unknown,,1,,67.0,,,1.0,3.63,LLM_EXIT_AGENT,1.05,,1.04535,-2.2200,0.5600,0.000000,-2.7800,1964.57,0.0,85,,,0,,,,,,,
4e4712886172,1782899744.4970546,BTC,SHORT,consolidation,,1,,48.0,,,1.0,3.38,LLM_EXIT_AGENT,58756.5,,58868.5,-0.6400,0.4500,0.000000,-1.0900,1963.48,0.06,74,,,0,,,,,,,
ea02ccb78fb4,1782909749.911549,SOL,LONG,unknown,,1,,82.92419545678527,,,1.0,6.21,LLM_EXIT_AGENT,74.682,,74.3535,0.1300,0.1900,0.000000,-0.0600,1963.42,0.06,16,,,0,,,,,,,
e66c4da45f98,1782913092.1827095,BTC,SHORT,unknown,,2,,60.91827244262424,,,1.0,3.33,SL,58739.5,,58853.5,-0.6100,0.4300,0.000000,-1.0400,1962.38,0.11,56,,,0,,,,,,,
8d1d8de75566,1782913932.2084851,HYPE,SHORT,unknown,,2,,68.57469141182756,,,1.0,5.57,SL,63.7368,,63.8805,-0.0900,0.1100,0.000000,-0.2000,1962.18,0.12,34,,,0,,,,,,,
314f7ced1e6a,1782930337.5189784,HYPE,SHORT,unknown,,1,,82.85742557749654,,,1.0,3.26,LLM_EXIT_AGENT,64.1525,,64.6365,-2.3000,0.3300,0.000000,-2.6300,1959.55,0.26,10,,,0,,,,,,,
ff7f2ada46de,1782930347.4427786,XRP,LONG,consolidation,,2,,72.1712963971767,,,1.0,2.85,LLM_EXIT_AGENT,1.062,,1.06145,-0.0100,0.4900,0.000000,-0.5000,1959.05,0.28,34,,,0,,,,,,,
9373d158095b,1782936859.4661822,ETH,LONG,consolidation,,1,,75.0,,,1.0,4.14,LLM_EXIT_AGENT,1616.25,,1613.35,-0.5400,0.4200,0.000000,-0.9600,1958.08,0.33,19,,,0,,,,,,,
891d3d7ffee2,1782939365.6398969,HYPE,LONG,consolidation,,1,,67.0,,,1.0,2.28,LLM_EXIT_AGENT,64.3455,,62.0175,-6.8900,0.1900,0.000000,-7.0800,1951.01,0.69,94,,,0,,,,,,,
04191ad64517,1782959159.9933236,BTC,LONG,unknown,,1,,65.0,,,1.0,3.06,LLM_EXIT_AGENT,60286.5,,60184.5,-0.0700,0.0600,0.000000,-0.1300,1943.94,0.01,11,,,0,,,,,,,
259f8457d8cd,1782964584.7037902,XRP,SHORT,trend,,1,,70.0,,,1.0,2.80,SL,1.047,,1.06805,-0.4900,0.0300,0.000000,-0.5200,1943.42,0.0,21,,,0,,,,,,,
01f37654c59c,1782969573.715534,HYPE,SHORT,range,,1,,60.0,,,1.0,6.66,LLM_EXIT_AGENT,62.9965,,63.7735,-0.6900,0.1900,0.000000,-0.8800,1942.21,0.0,4,,,0,,,,,,,
09f2a5bc7964,1782975027.4551826,ETH,LONG,unknown,,1,,65.0,,,1.0,7.00,SL,1609.41,,1617.75,0.1600,0.0300,0.000000,0.1300,1942.34,0.0,0,,,1,,,,,,,
472460009b4d,1782978877.747461,SOL,LONG,consolidation,,1,,60.0,,,1.0,9.65,LLM_EXIT_AGENT,78.264,,78.0005,-1.1400,0.4000,0.000000,-1.5300,1940.81,0.08,45,,,0,,,,,,,
8404e472f5bd,1782978887.7273507,XRP,LONG,range,,1,,60.0,,,1.0,3.15,LLM_EXIT_AGENT,1.0622,,1.05845,-10.0700,3.3200,0.000000,-13.3900,1927.42,0.77,77,,,0,,,,,,,
2e269562df27,1782980505.6204731,BTC,LONG,consolidation,,1,,65.0,,,1.0,2.81,LLM_EXIT_AGENT,60764.6,,60368.5,-0.3700,0.0600,0.000000,-0.4300,1926.99,0.79,83,,,0,,,,,,,
2f1ed2db35a7,1782992435.4961667,HYPE,SHORT,unknown,,1,,66.0,,,1.0,5.31,SL,63.3442,,64.7915,-1.4200,0.0600,0.000000,-1.4800,4999.09,0.0,31,,,0,,,,,,,
47fc526d35c1,1783002055.5523436,SOL,LONG,unknown,,2,,60.687749998891604,,,1.0,5.08,TRAILING_STOP,78.427,,80.8775,1.0100,0.0300,0.000000,0.9800,5002.27,-0.06,85,,,1,,,,,,,
7e937bc06a2a,1783002088.399121,XRP,LONG,range,,1,,60.0,,,1.0,4.93,TRAILING_STOP,1.0652,,1.09495,0.8800,0.0300,0.000000,0.8500,5002.65,-0.07,46,,,1,,,,,,,
462fca093c9c,1783003767.5362625,HYPE,LONG,consolidation,,1,,70.0,,,1.0,1.81,SL,65.2225,,65.254,0.0600,0.0700,0.000000,-0.0000,5002.65,-0.07,4,,,0,,,,,,,
ed565b0adff8,1783010530.2168493,BTC,LONG,consolidation,,1,,60.0,,,1.0,3.20,LLM_EXIT_AGENT,61897.7,,61260.5,-0.7200,0.0700,0.000000,-0.7900,5001.85,-0.06,20,,,0,,,,,,,
0ac3da346b6f,1783020276.3620594,SOL,LONG,unknown,,1,,65.0,,,1.0,2.06,LLM_EXIT_AGENT,81.051,,81.0015,-0.0100,0.0500,0.000000,-0.0600,5010.78,-0.23,43,,,0,,,,,,,
c57933e1748d,1783021810.342903,XRP,LONG,consolidation,,1,,65.0,,,1.0,3.29,LLM_EXIT_AGENT,1.088,,1.08505,4.4400,7.5100,0.000000,-3.0700,4998.73,0.01,41,,,0,,,,,,,
c16b2e59f0e7,1783039728.4849331,HYPE,LONG,range,,1,,65.0,,,1.0,2.57,SL,65.494,,65.945,0.4800,0.0700,0.000000,0.4200,4999.15,0.0,51,,,1,,,,,,,
644191d832e5,1783057943.9689686,ETH,LONG,consolidation,,2,,65.38474998626954,,,1.0,18.04,LLM_EXIT_AGENT,1646.11,,1715.35,3.2900,0.0900,0.000000,3.2000,5000.05,-0.02,65,,,1,,,,,,,
2ae4dd77d1a7,1783061107.697874,BTC,LONG,consolidation,,2,,45.17951524147338,,,1.0,2.08,SL,61536.7,,61665.5,0.3300,0.1300,0.000000,0.2000,5000.25,-0.02,71,,,1,,,,,,,
caed2ced31de,1783063427.6829262,HYPE,LONG,range,,2,,68.10106240975844,,,1.0,2.80,LLM_EXIT_AGENT,66.3591,,67.3195,0.9900,0.0700,0.000000,0.9300,5001.18,-0.04,6,,,1,,,,,,,
a4e575a0377e,1783070539.8287928,XRP,LONG,range,,2,,57.01661683781396,,,1.0,5.01,LLM_EXIT_AGENT,1.0903,,1.10175,1.2400,0.1100,0.000000,1.1200,5002.3,-0.06,86,,,1,,,,,,,
3a4f273a8c31,1783070940.1861525,HYPE,LONG,consolidation,,2,,78.10106240975844,,,1.0,0.86,SL,67.6503,,67.7695,0.3100,0.1400,0.000000,0.1700,5002.47,-0.07,93,,,1,,,,,,,
b5080dd5697d,1783071679.999876,ETH,LONG,consolidation,,2,,59.62898403659416,,,1.0,1.73,SL,1720.22,,1723.05,0.2700,0.1200,0.000000,0.1400,5002.62,-0.07,5,,,1,,,,,,,
8f911a47dcc0,1783071690.6923704,SOL,LONG,consolidation,,2,,52.32579680731883,,,1.0,4.63,SL,80.53,,80.7265,0.3300,0.1100,0.000000,0.2200,5002.84,-0.07,72,,,1,,,,,,,
cca693db02fc,1783081049.1857336,XRP,LONG,consolidation,,2,,56.20212481951689,,,1.0,1.80,SL,1.1032,,1.10545,0.2800,0.1100,0.000000,0.1700,5004.23,-0.1,40,,,1,,,,,,,
1c710cddadac,1783081654.2730253,ETH,LONG,consolidation,,2,,59.62898403659416,,,3.0,2.41,SL,1732.82,,1735.75,0.3733,0.0667,0.000000,0.3067,5005.15,-0.12,84,,,1,,,,,,,
31fcf60097c7,1783082202.5891573,BTC,LONG,consolidation,,2,,58.50531204879221,,,1.0,5.00,SL,61831.7,,61932.5,0.2500,0.1200,0.000000,0.1300,5005.28,-0.12,7,,,1,,,,,,,
d312d364c767,1783088261.999286,ETH,LONG,range,,3,,58.3192246574114,,,2.0,1.59,SL,1734.72,,1737.55,5.7950,1.5400,0.000000,4.2500,5013.79,-0.29,87,,,1,,,,,,,
bbae3a462cbb,1783088868.2682862,XRP,LONG,consolidation,,3,,56.36378687433696,,,1.0,1.75,SL,1.1057,,1.10775,0.5000,0.2100,0.000000,0.2900,5014.07,-0.3,15,,,1,,,,,,,
c5785380b007,1783092572.495848,BTC,LONG,range,,3,,56.94085209670819,,,1.0,2.63,SL,62002.7,,62019.5,0.0900,0.1100,0.000000,-0.0300,5016.56,-0.35,91,,,0,,,,,,,
f67e74e38363,1783102802.012652,HYPE,LONG,consolidation,,2,,71.9773904219565,,,1.0,8.44,LLM_EXIT_AGENT,67.6923,,70.5635,6.4600,0.1800,0.000000,6.2900,5019.11,-0.4,55,,,1,,,,,,,
eaa87ab09bf6,1783105918.3197453,XRP,LONG,consolidation,,1,,50.0,,,1.0,3.79,LLM_EXIT_AGENT,1.1208,,1.12665,0.4500,0.0800,0.000000,0.3700,5019.48,-0.41,26,,,1,,,,,,,
546c3f3efd40,1783112179.568822,SOL,LONG,trend,,3,,79.09161444641703,,,1.0,9.88,LLM_EXIT_AGENT,81.639,,82.955,1.2400,0.0900,0.000000,1.1500,5021.11,-0.44,24,,,1,,,,,,,
71973318dff3,1783120828.8845737,BTC,LONG,range,,2,,51.668210452451625,,,1.0,3.27,LLM_EXIT_AGENT,62225.7,,62585.5,0.6800,0.1100,0.000000,0.5700,5021.68,-0.45,95,,,1,,,,,,,
284b82c0f34c,1783124629.40957,SOL,LONG,range,,2,,56.20212481951689,,,1.0,1.55,SL,82.316,,82.4535,0.2100,0.1000,0.000000,0.1100,5021.8,-0.45,16,,,1,,,,,,,
856ce8b47d9a,1783127210.668015,BTC,LONG,range,,2,,58.915554428055515,,,1.0,1.12,SL,62608.8,,62535.5,-0.0600,0.1000,0.000000,-0.1600,5021.64,-0.45,22,,,0,,,,,,,
50f909f909ab,1783142631.321056,BTC,LONG,consolidation,,2,,50.078452831714934,,,1.0,2.81,SL,62420.7,,62494.5,0.2200,0.1300,0.000000,0.0900,5021.79,-0.45,67,,,1,,,,,,,
72360aa7256f,1783142653.1989138,XRP,LONG,consolidation,,2,,53.76026973969986,,,1.0,8.39,SL,1.1397,,1.13995,0.1700,0.2400,0.000000,-0.0700,5021.72,-0.45,3,,,0,,,,,,,
4d38d294b78b,1783146478.4782505,SOL,LONG,consolidation,,2,,67.32579680731882,,,1.0,5.69,SL,82.531,,82.6085,0.1900,0.1000,0.000000,0.0900,5021.74,-0.45,3,,,1,,,,,,,
2a91659915f9,1783146489.333639,HYPE,LONG,consolidation,,2,,50.078452831714934,,,1.0,6.63,SL,70.8666,,70.8895,0.0600,0.0700,0.000000,-0.0100,5021.73,-0.45,61,,,0,,,,,,,
620e08e11d3b,1783196668.9016256,ETH,LONG,trending_bull,,2,,52.01661683781396,,,1.0,29.30,TRAILING_STOP,1737.82,,1785.05,4.0300,0.2400,0.000000,3.7900,5025.04,-0.52,3,,,1,,,,,,,
3f1b74c530be,1783818739.526672,XRP,SHORT,consolidation,,1,,74.5875,,,1.0,1.11,SL,1.0967,,1.09465,0.2300,0.1000,0.000000,0.1300,5025.17,0.0,6,,,1,,,,,,,
7c26f482685b,1783844121.5907822,XRP,SHORT,consolidation,,2,,67.055875,,,1.0,6.53,SL,1.0978,,1.09355,0.7100,0.1200,0.000000,0.5900,5025.76,-0.01,71,,,1,,,,,,,
8a2cb5b83dae,1783849537.189438,SOL,SHORT,range,,1,,60.0,,,1.0,9.16,SL,76.005,,76.8475,-1.0900,0.1000,0.000000,-1.2000,5024.57,0.0,22,,,0,,,,,,,
ecc4c0c3d006,1783867793.402596,BTC,SHORT,consolidation,,1,,69.90574545454545,,,1.0,14.34,SL,63872.1,,64180.5,-0.5600,0.1300,0.000000,-0.6900,5023.87,0.01,98,,,0,,,,,,,
37661d281bad,1783868390.9725063,ETH,SHORT,consolidation,,1,,61.940927272727265,,,1.0,14.96,SL,1789.57,,1819.85,-1.6800,0.1000,0.000000,-1.7800,5022.09,0.05,61,,,0,,,,,,,
a982cc4a8553,1783886542.5481472,SOL,SHORT,range,,2,,53.0,,,1.0,7.19,SL,77.081,,77.7275,-1.0000,0.1300,0.000000,-1.1200,5020.96,0.07,83,,,0,,,,,,,
c5edd373dae7,1783893876.7070506,XRP,LONG,range,,1,,69.505,,,1.5,6.78,SL,1.1013,,1.08895,-33.7000,2.0533,0.000000,-35.7467,4967.34,1.14,79,,,0,,,,,,,
a8350fc19a39,1783893876.9339418,ETH,LONG,consolidation,,2,,72.5,,,1.0,6.75,SL,1820.53,,1800.75,-28.2200,2.7100,0.000000,-30.9300,4936.42,1.75,25,,,0,,,,,,,
9465a427cc96,1783903468.5670085,ETH,LONG,range,,1,,82.88938181818182,,,1.0,0.60,SL,1818.53,,1812.85,-0.4300,0.1600,0.000000,-0.5900,4935.82,1.77,46,,,0,,,,,,,
69c17282b398,1783908220.6699588,SOL,LONG,consolidation,,1,,65.0,,,1.0,1.43,SL,77.434,,76.2215,-1.4100,0.0900,0.000000,-1.5000,4935.49,1.77,88,,,0,,,,,,,
1ca486507c84,1783912370.3888788,ETH,LONG,trend,,2,,71.5,,,1.5,1.91,SL,1823.63,,1785.85,-4.6400,0.1533,0.000000,-4.7933,4931.22,1.86,72,,,0,,,,,,,
87477e817da7,1783912370.4945052,BTC,SHORT,consolidation,,1,,71.9171590909091,,,1.0,2.41,TP2,63961.1,,62939.5,2.5200,0.1500,0.000000,2.3700,4931.22,1.86,3,,,1,,,,,,,
ea574d075517,1783912529.906557,XRP,SHORT,consolidation,,2,,66.44207272727273,,,1.0,2.96,TP2,1.0975,,1.07185,2.7500,0.1500,0.000000,2.6000,4932.1,1.84,3,,,1,,,,,,,
2e13f57afa50,1783913263.3060431,HYPE,SHORT,consolidation,,2,,63.0,,,1.0,26.88,LLM_EXIT_AGENT,66.9098,,66.7165,0.2300,0.0700,0.000000,0.1600,4932.26,1.84,12,,,1,,,,,,,
c33fb794d07e,1783919261.829667,SOL,SHORT,trend,,2,,72.5,,,2.0,2.86,SL,76.428,,76.254,0.9250,0.1200,0.000000,0.8050,4933.87,1.8,98,,,1,,,,,,,
cf4072f53d9b,1783926191.253578,HYPE,SHORT,consolidation,,2,,72.5,,,1.5,3.19,LLM_EXIT_AGENT,66.5918,,65.0695,4.7400,0.1600,0.000000,4.5800,4940.75,1.67,91,,,1,,,,,,,
c41fae4885ba,1783952015.2970111,XRP,SHORT,low_liquidity,,2,,60.11750134155648,,,1.0,9.96,SL,1.0722,,1.07165,0.1000,0.1000,0.000000,0.0000,4942.35,1.64,82,,,0,,,,,,,
da936171d95d,1783954244.8408625,SOL,SHORT,consolidation,,3,,64.55666666666667,,,1.0,8.78,SL,76.485,,76.0955,0.5800,0.0800,0.000000,0.5000,4942.43,1.63,45,,,1,,,,,,,
a8e3b5ab9ead,1783954244.9409275,BTC,SHORT,consolidation,,2,,63.425,,,1.0,10.83,SL,62810.2,,62752.5,1.4800,0.2500,0.000000,1.2300,4942.43,1.63,33,,,1,,,,,,,
f8b696f26cca,1783954392.678669,ETH,SHORT,consolidation,,2,,65.075,,,1.0,9.53,SL,1783.87,,1776.35,0.4500,0.0900,0.000000,0.3500,4942.55,1.63,82,,,1,,,,,,,
07d58c20e86f,1783967751.8026521,XRP,SHORT,consolidation,,1,,76.0,,,1.0,2.72,LLM_EXIT_AGENT,1.074,,1.0578,2.9200,0.2000,0.000000,2.7200,4951.22,-0.09,75,,,1,,,,,,,
7ffe557475d5,1783985111.3037176,XRP,SHORT,consolidation,,2,"confidence_scorer,multi_tier_quality",67.5,,,1.0,3.27,SL,1.0661,,1.06415,1.3200,0.2500,0.000000,1.0700,4953.17,-0.0,37,,,1,,,,,,,
35b5cd64be27,1783986616.6205852,ETH,SHORT,consolidation,,1,confidence_scorer,70.0,,,1.0,5.60,SL,1755.37,,1773.15,-1.0000,0.1000,0.000000,-1.1100,4952.2,0.02,63,,,0,,,,,,,
bb9a21649a55,1783987469.3262691,SOL,SHORT,consolidation,,2,"confidence_scorer,multi_tier_quality",71.5,,,1.0,7.44,LLM_EXIT_AGENT,75.777,,74.5195,1.3100,0.1000,0.000000,1.2100,4952.39,0.01,33,,,1,,,,,,,
75ae53d00d21,1784019812.2887838,SOL,SHORT,consolidation,,2,"confidence_scorer,multi_tier_quality",55.5,,,2.0,3.19,LLM_EXIT_AGENT,75.156,,74.9945,0.4000,0.0850,0.000000,0.3150,4953.02,-0.01,73,,,1,,,,,,,
1370fda72f6a,1784032256.4526978,XRP,SHORT,consolidation,,1,multi_tier_quality,65.535,,,1.5,6.35,SL,1.0688,,1.0799,-0.4200,0.1133,0.000000,-0.5333,4952.22,0.01,94,,,0,,,,,,,
bf52dbef1305,1784032753.8096523,SOL,SHORT,consolidation,,2,"confidence_scorer,multi_tier_quality",55.5,,,3.0,2.51,SL,75.161,,76.1175,-0.5467,0.0133,0.000000,-0.5633,4950.54,0.04,65,,,0,,,,,,,
6db1d04d97b9,1784043263.320975,XRP,SHORT,consolidation,,1,mean_reversion,77.34085108591852,,,4.0,1.45,SL,1.0967,,1.10795,-2.2325,0.0550,0.000000,-2.2900,4941.38,0.23,17,,,0,,,,,,,
c3b9e1f3e387,1784055823.1146321,BTC,LONG,consolidation,,2,"confidence_scorer,bollinger_squeeze",55.575,,,2.0,3.80,LLM_EXIT_AGENT,64219.9,,64561.5,1.0500,0.0950,0.000000,0.9550,4943.29,-0.02,75,,,1,,,,,,,
567a5a414469,1784067276.7088661,ETH,LONG,consolidation,,1,confidence_scorer,35.0,,,1.0,5.17,SL,1870.24,,1872.15,0.2600,0.0800,0.000000,0.1800,4943.47,-0.02,41,,,1,,,,,,,
5c29e4163372,1784092366.0151167,ETH,LONG,consolidation,,2,"confidence_scorer,multi_tier_quality",53.0,,,2.0,2.08,SL,1869.14,,1872.55,0.4100,0.2250,-0.000200,0.1850,4943.66,0.0,38,0.4123,0.075,1,,,,,,,
24665af6b4b1,1784092366.1041372,BTC,LONG,consolidation,,2,"confidence_scorer,multi_tier_quality",65.5,,,2.0,2.09,SL,64574.0,,64612.5,0.1350,0.2300,-0.000200,-0.0950,4943.66,0.0,81,0.7437,-0.046,0,,,,,,,
ea663b54c73a,1784092501.917344,SOL,LONG,consolidation,,1,confidence_scorer,75.0,,,1.0,1.14,SL,77.764,,77.7625,-0.0000,0.1000,-0.000000,-0.1000,4943.55,0.01,46,1.0042,-0.077,0,,,,,,,
c21fac5594ab,1784133669.0299082,ETH,LONG,trending_bull,,2,"confidence_scorer,multi_tier_quality",76.5,,,4.0,3.55,SL,1934.94,,1908.05,-4.6650,0.3325,-0.000475,-5.0000,4995.00,0.0,91,0.3715,-0.994,0,,,,,,,
3679db7bffc5,1784141030.5105655,SOL,LONG,consolidation,,2,"confidence_scorer,multi_tier_quality",61.5,,,2.0,2.58,SL,77.71,,77.8335,0.6250,0.2250,-0.000100,0.3950,4995.40,-0.02,29,-0.0914,0.132,1,,,,,,,
142b1378b4f8,1784144370.3603985,XRP,LONG,consolidation,,3,"confidence_scorer,multi_tier_quality,bollinger_squeeze",71.44070798167607,,,2.0,4.53,LLM_EXIT_AGENT,1.1256,,1.11105,-2.3000,0.1750,-0.000300,-2.4750,4992.92,0.08,0,0.2709,-0.979,0,,,,,,,
5a9f92829881,1784188089.70031,SOL,LONG,consolidation,,3,"regime_trend,confidence_scorer,multi_tier_quality",50.674800000000005,,,1.0,1.67,SL,77.391,,76.3085,-2.0000,0.1400,-0.000000,-2.1400,4990.78,0.0,61,0.295,-1.157,0,,,,,,,
ec52e1d4c930,1784230226.9058602,SOL,SHORT,consolidation,,2,"confidence_scorer,multi_tier_quality",64.0,,,2.0,6.28,SL,76.081,,75.7745,1.0400,0.2550,0.000250,0.7800,4991.56,-0.03,44,-0.0731,0.223,1,,,,,,,
4695d59ffe67,1784249982.1212952,XRP,SHORT,consolidation,,1,confidence_scorer,60.0,,,1.0,2.46,SL,1.0929,,1.09135,0.3300,0.2300,0.000000,0.1000,4991.66,0.0,83,-0.1371,0.022,1,,,,,,,
35c0dff597c1,1784251127.8215861,SOL,SHORT,consolidation,,2,"confidence_scorer,multi_tier_quality",64.0,,,1.0,2.92,SL,75.699,,75.5545,1.0900,0.5700,0.000000,0.5200,4992.18,-0.01,97,-0.0641,0.069,1,,,,,,,
f3bd0904ea52,1784264067.419518,SOL,SHORT,consolidation,,2,"confidence_scorer,multi_tier_quality",65.33333333333334,,,2.0,2.89,SL,75.117,,75.2385,-1.0350,0.6400,0.000050,-1.6700,4990.51,0.06,86,0.0089,-0.222,0,,,,,,,
08e00c2dd266,1784270080.8914468,XRP,SHORT,consolidation,,2,"confidence_scorer,multi_tier_quality",55.333333333333336,,,1.5,2.01,SL,1.0884,,1.08665,0.3800,0.2333,0.000067,0.1467,4990.66,0.05,86,-0.1381,0.049,1,,,,,,,
225f1bc43802,1784278674.708433,XRP,SHORT,consolidation,,3,"regime_trend,confidence_scorer,multi_tier_quality",85.80000000000001,,,5.0,1.97,SL,1.0861,,1.08535,0.1640,0.2360,0.000060,-0.0740,4990.58,0.06,30,0.3171,-0.021,0,,,,,,,
20e012333600,1784283539.084841,BTC,SHORT,consolidation,,1,confidence_scorer,56.99999999999999,,,1.0,11.06,LLM_EXIT_AGENT,63909.1,,63050.5,3.6100,0.2700,0.000200,3.3400,4993.92,-0.01,84,0.2602,1.221,1,,,,,,,
883934c443c6,1784288470.0301187,SOL,SHORT,consolidation,,2,"confidence_scorer,multi_tier_quality",61.00000000000001,,,2.0,6.38,SL,75.12,,74.9745,0.8050,0.4150,0.000150,0.3900,4994.31,-0.02,46,-0.0483,0.129,1,,,,,,,
aaca53bbd684,1784292941.9574487,XRP,SHORT,consolidation,,2,"confidence_scorer,multi_tier_quality",65.0,,,2.0,2.18,LLM_EXIT_AGENT,1.0853,,1.08095,0.4800,0.1200,0.000000,0.3600,4994.67,-0.04,88,-0.0337,0.246,1,,,,,,,
cdb4d3b78ee5,1784296556.4401312,SOL,SHORT,consolidation,,2,"confidence_scorer,multi_tier_quality",48.0,,,2.0,0.54,SL,73.763,,73.9405,-0.9450,0.3900,0.000000,-1.3350,4993.34,-0.09,5,-0.2575,-0.255,0,,,,,,,
5be75102a92f,1784297552.9578516,HYPE,SHORT,consolidation,,2,"confidence_scorer,multi_tier_quality",65.0,,,2.5,3.35,SL,60.3065,,60.7485,1.3960,0.2160,-0.000040,1.1800,4994.52,-0.04,71,0.1285,0.121,1,,,,,,,
edc38dfa4fb1,1784407759.9691963,SOL,LONG,consolidation,,1,bollinger_squeeze,61.99999999999999,,,1.0,3.89,SL,75.177,,75.3025,0.3100,0.1800,0.000000,0.1400,4994.66,-0.05,89,0.0288,0.086,1,,,,,,,
845519f66c3c,1784414236.8789868,ETH,LONG,consolidation,,2,"confidence_scorer,bollinger_squeeze",88.35,,,1.0,2.51,SL,1858.74,,1861.55,0.3100,0.2000,-0.000000,0.1000,4994.76,-0.06,56,0.126,0.072,1,,,,,,,
8d041ab71225,1784435687.0240996,XRP,LONG,consolidation,,1,bollinger_squeeze,60.0,,,1.0,13.94,LLM_EXIT_AGENT,1.0879,,1.09355,0.5000,0.1400,-0.000000,0.3600,4995.12,-0.06,49,0.0137,0.329,1,,,,,,,
47a33fdbb522,1784453142.4755266,SOL,SHORT,consolidation,,1,regime_trend,61.260000000000005,,,4.0,4.09,LLM_EXIT_AGENT,76.063,,75.9495,6.0675,4.0625,0.001700,2.0050,4997.12,0.0,6,-0.0755,0.054,1,,,,,,,
6fd1c474f317,1784469184.5651205,HYPE,SHORT,consolidation,,1,regime_trend,95.0,,,1.5,2.30,SL,61.1844,,61.1385,0.4333,0.2733,0.000067,0.1600,4997.28,-0.0,43,0.3472,0.031,1,,,,,,,
ca151f796e61,1784499840.5087266,ETH,SHORT,consolidation,,2,"confidence_scorer,bollinger_squeeze",68.39999999999999,,,2.5,1.46,SL,1865.36,,1871.35,-0.6280,0.1960,0.000040,-0.8240,4996.46,0.03,77,-0.0695,-0.363,0,,,,,,,
aa62611033c6,1784527254.669054,SOL,LONG,consolidation,,2,"confidence_scorer,bollinger_squeeze",68.39999999999999,,,1.0,2.96,SL,76.974,,75.8605,-1.7700,0.1200,-0.000000,-1.8900,4994.57,0.03,10,0.1526,-1.15,0,,,,,,,
f3c324e10461,1784539551.037622,BTC,SHORT,consolidation,,2,"confidence_scorer,bollinger_squeeze",88.35,,,4.0,1.33,SL,64226.1,,64163.5,0.3325,0.3425,0.000025,-0.0075,4994.56,0.02,85,0.1177,-0.002,0,,,,,,,
9746b6361978,1784540528.4955509,XRP,SHORT,consolidation,,1,bollinger_squeeze,61.99999999999999,,,5.0,16.25,SL,1.0941,,1.09065,0.5380,0.2400,0.000020,0.2980,4994.86,0.02,72,-0.2169,0.101,1,,,,,,,
333a3f8b9fc4,1784547949.27421,ETH,SHORT,consolidation,,2,"confidence_scorer,bollinger_squeeze",68.39999999999999,,,2.5,3.00,SL,1855.86,,1888.85,-6.3840,0.3640,0.000160,-6.7440,4988.12,0.36,56,0.1576,-1.28,0,,,,,,,
162f49b60673,1784562238.3957472,HYPE,SHORT,consolidation,,2,"confidence_scorer,bollinger_squeeze",58.9,,,1.2,13.50,SL,60.4125,,61.5485,-1.2417,0.2333,0.000167,-1.4750,4986.64,0.42,55,0.1035,-0.202,0,,,,,,,
f287762814cf,1784632346.4867876,XRP,SHORT,consolidation,,1,mean_reversion,74.0,,,1.0,2.41,LLM_EXIT_AGENT,1.1328,,1.13105,0.1900,0.1300,-0.000100,0.0700,4986.71,0.42,7,-0.0807,0.043,1,,,,,,,
0c68d5e9652e,1784671245.438986,BTC,LONG,consolidation,,,,50.0,,,2.0,7.51,LLM_EXIT_HIGH,66704.2,,66334.5,-1.2496,0.2024,0.000199,-1.4521,4985.26,,,,,0,,,,,,,
63ed2f1e6775,1784689797.624969,SOL,LONG,consolidation,,2,"regime_trend,multi_tier_quality",44.814,,,3.0,4.05,LLM_EXIT_HIGH,77.893,,78.1965,1.2467,0.1900,-0.000000,1.0533,4986.31,-0.02,93,0.2704,0.475,1,,5a1f4976e6be45c4b10d0fa96d14bb09,,,,,
5abc8b8598ed,1784738205.8501046,BTC,LONG,consolidation,,2,"regime_trend,multi_tier_quality",50.0,,,2.0,5.30,LLM_EXIT_HIGH,66001.1,,65957.5,-0.1450,0.2000,-0.000100,-0.3450,4985.97,-0.01,49,-0.2792,-0.196,0,,64a3f96bb5974f778c097785498d23f9,,,,,
8022d75191da,1784819727.4359772,SOL,LONG,consolidation,,1,mean_reversion,75.49861795251779,,,1.5,0.61,SL,76.811,,75.8145,-86.3067,5.9467,-0.000533,-92.2533,4893.71,0.0,86,0.0402,-1.569,0,,c3673a01c8534b16bfcbaf57c3ac5b0d,,,,,
eabfffd46082,1784820904.9978685,ETH,LONG,consolidation,,1,mean_reversion,75.0,,,2.0,0.85,LLM_EXIT_HIGH,1904.74,,1883.25,-39.7650,3.1550,-0.000350,-42.9200,4850.79,1.78,38,-0.0495,-1.045,0,,6206774062504198b176268600db2ebc,,,,,
e54b5346888a,1784863060.3056223,SOL,SHORT,consolidation,,2,"regime_trend,confidence_scorer",61.044,,,1.0,2.01,SL,75.84,,75.7985,0.1800,0.2900,-0.000000,-0.1100,4850.68,1.78,6,-0.0354,-0.027,0,,0af8817e43fb4b12a65858d322e092f3,,,,,
85a9b8d30d24,1784911012.3933156,BTC,LONG,trending_bull,,1,mean_reversion,78.0,,,3.0,0.78,LLM_EXIT_HIGH,64158.9,,64097.5,-0.3767,0.3533,-0.000067,-0.7300,4849.95,1.83,36,0.0036,-0.173,0,,1e330b1a4f2246baa2eec13fdd32750e,,,,,
16efba39167c,1784934340.0739906,HYPE,LONG,consolidation,,1,mean_reversion,80.0,,,2.0,0.25,LLM_EXIT_HIGH,57.2612,,57.2555,-0.01,0.05,-0.0,-0.06,4849.89,0.0,0,0.0399,-0.017,0,,6d680228692b4d169d145cc55f514118,,,,,
500b2b013945,1785004512.4448972,XRP,SHORT,consolidation,,1,mean_reversion,77.34556810158732,,,2.0,0.08,LLM_EXIT_HIGH,1.1016,,1.10175,-1.42,9.37,-0.0001,-10.79,4839.11,0.22,21,0.0347,-0.098,0,,1dac9244e25343bab928c46cee9518da,,,,,
59ace04e0d54,1785008260.7409475,XRP,SHORT,consolidation,,1,mean_reversion,76.06502820432077,,,1.5,0.01,LLM_EXIT_HIGH,1.0992,,1.10025,-0.26,0.24,-0.0,-0.5,4838.6,0.23,80,-0.0315,-0.23,0,,06787920377248478c7c094aaaca504b,,,,,
55c04b4a7920,1785010514.4072745,XRP,SHORT,consolidation,,1,mean_reversion,76.06502820432077,,,1.5,0.08,LLM_EXIT_HIGH,1.0994,,1.09955,-1.23,8.14,-0.0001,-9.37,4829.23,0.43,64,-0.0418,-0.129,0,,4c61a1d7f9994a488ac96cc2af8d2038,,,,,
538e8d037097,1785068161.0391023,SOL,SHORT,consolidation,,1,regime_trend,95.0,,,1.0,0.01,LLM_EXIT_HIGH,74.974,,74.9015,0.26,0.24,-0.0,0.02,4829.25,0.0,27,0.3884,0.007,1,,735636e38f494bab9e0a6060883aec66,,,,,
6e1a6dadb5b3,1785081622.8605812,SOL,SHORT,consolidation,,1,regime_trend,95.0,,,1.5,3.41,LLM_EXIT_HIGH,74.941,,75.3105,-1.32,0.24,-0.0,-1.56,4827.69,0.03,43,0.4112,-0.427,0,,75d6165355c64e01bf7f8988229dfc18,,,,,
51b88db7af0f,1785139157.0262334,BTC,LONG,consolidation,,3,"regime_trend,confidence_scorer,multi_tier_quality",45.903,,,2.0,0.01,LLM_EXIT_HIGH,65289.0,,65276.5,-0.01,0.06,-0.0,-0.07,4827.62,0.0,79,0.247,-0.07,0,,793b797f9d544d128c9d998be7d9f926,,,,,
77fe17a9c7f0,1785185148.4246292,BTC,LONG,consolidation,high_volatility,3,"regime_trend,confidence_scorer,multi_tier_quality",45.762,,,2.0,2.06,LLM_EXIT_AGENT,64782.0,,64936.5,0.15,0.06,-0.0,0.1,4827.72,0.0,64,0.2777,0.065,1,,ecbc511776e04c73b9cbb0575e62e113,-2.8018e-06,2422483201.0,-0.0006452815,,
8d7737f786c8,1785189196.5469162,XRP,SHORT,consolidation,consolidation,2,"confidence_scorer,multi_tier_quality",66.0,,,3.0,0.30,LLM_EXIT_HIGH,1.0884,,1.08855,-0.04,0.29,0.0,-0.34,4827.38,0.0,16,0.4001,-0.051,0,,2c90f976e761404897917ab9cfbebaf5,-5.3333e-06,87875573.0,-0.0006601666,,
3d2f29494f78,1785206044.2882102,HYPE,SHORT,consolidation,consolidation,3,"confidence_scorer,multi_tier_quality,bollinger_squeeze",73.0,,,3.0,5.43,LLM_EXIT_AGENT,57.1348,,56.3045,5.47,0.28,0.0,5.19,4832.57,-0.11,76,0.121,0.163,1,,9d964477c7e841b787a8b8bef66c1cf3,1.25e-05,1292414054.0,0.0003066598,,
2641d05660e1,1785206918.5733113,SOL,SHORT,consolidation,high_volatility,3,"confidence_scorer,multi_tier_quality,bollinger_squeeze",73.0,,,1.5,1.26,LLM_EXIT_HIGH,73.304,,73.2395,0.31,0.31,-0.0,-0.01,4832.56,-0.11,53,0.3114,-0.001,0,,af40f7ab811f4e8c8f48fdb6a2666398,-3.81456e-05,321974910.0,-0.0008996115,,
d84db064a8a4,1785226445.7559063,HYPE,SHORT,consolidation,consolidation,2,"confidence_scorer,multi_tier_quality",56.00000000000001,,,2.0,3.60,LLM_EXIT_AGENT,56.0159,,55.2865,4.47,0.3,0.0,4.17,4836.73,-0.05,96,-0.1665,0.323,1,,37557544ee764819a444a0c90a40877e,1.25e-05,1267645556.0,-0.0002261891,,
ee5bdf3a71b4,1785229922.1047192,SOL,SHORT,consolidation,high_volatility,3,"confidence_scorer,multi_tier_quality,bollinger_squeeze",73.0,,,1.5,6.13,LLM_EXIT_HIGH,73.342,,73.3495,0.03,0.1,-0.0001,-0.07,4836.66,-0.04,88,0.2952,-0.02,0,,f632ff8663814a9fb316f83cd506fc8a,-3.8994e-05,322716385.0,-0.0008040886,,
803d1beeaf89,1785232688.7312129,HYPE,SHORT,consolidation,consolidation,2,"confidence_scorer,multi_tier_quality",78.0,,,1.5,1.32,LLM_EXIT_HIGH,55.12,,55.1285,-0.04,0.24,0.0,-0.28,4836.38,-0.04,21,0.1134,-0.027,0,,ab18fd3b4d5e474bb026944bbcebde20,1.25e-05,1254735249.0,-0.0003174344,,
e44fbfb79243,1785240174.2150903,NEAR,SHORT,consolidation,high_volatility,2,"confidence_scorer,multi_tier_quality",56.00000000000001,,,2.0,3.12,LLM_EXIT_AGENT,1.68,,1.66135,2.5,0.3,0.0001,2.2,4838.58,-0.08,99,-0.0169,0.249,1,,242577ccfb42485fba9cc5124846e5c6,,,,,
201a40734134,1785241738.7140436,NEAR,SHORT,consolidation,high_volatility,3,"regime_trend,confidence_scorer,multi_tier_quality",82.0,,,2.0,0.08,LLM_EXIT_HIGH,1.662,,1.66195,0.0,0.12,0.0,-0.11,4838.46,-0.08,84,0.3635,-0.027,0,,2aaefa87e27846f4996e8109e7392f5e,,,,,
84c1519b4e20,1785245651.3551178,HYPE,SHORT,consolidation,trend,2,"confidence_scorer,multi_tier_quality",73.0,,,2.0,0.12,LLM_EXIT_HIGH,54.1351,,54.2365,-0.65,0.31,-0.0,-0.96,4837.5,-0.06,36,0.0007,-0.048,0,,e9b825af2f1d477499c48c38f00aeb3e,1.25e-05,1235011806.0,0.0,,
cd1a0ec170df,1785245895.8601067,NEAR,SHORT,consolidation,high_volatility,2,"confidence_scorer,multi_tier_quality",71.0,,,4.0,0.02,LLM_EXIT_HIGH,1.658,,1.66075,-0.48,0.26,-0.0,-0.74,4836.76,-0.05,43,0.2332,-0.066,0,,14ae1d191b1344a4a612da7835b423dc,,,,,
8ac62ebb7fad,1785348323.0874171,NEAR,SHORT,consolidation,high_volatility,2,"confidence_scorer,multi_tier_quality",64.87460610670433,,,1.0,2.24,SL,1.578,,1.61805,-5.82,0.21,0.0,-6.03,4830.73,0.0,49,0.026,-0.922,0,,4e912f2859ac4d16b7ce44acaf2fc13c,,,,,
068cb7c5cc70,1785350709.8371196,ETH,SHORT,consolidation,consolidation,2,"confidence_scorer,bollinger_squeeze",66.5,,,1.0,1.08,LLM_EXIT_HIGH,1896.56,,1907.85,-2.31,0.35,0.0,-2.66,4828.07,0.0,52,0.0011,-0.365,0,,792f24f5a83b4696a2735311e7624694,1.25e-05,1853620648.0,-0.0002743021,,
bdc750c896a4,1785350725.0355947,SOL,SHORT,consolidation,consolidation,3,"confidence_scorer,multi_tier_quality,bollinger_squeeze",74.47079865261327,,,2.0,2.53,LLM_EXIT_HIGH,72.939,,73.9555,-2.63,0.17,-0.0,-2.8,4825.27,0.06,12,0.1339,-0.387,0,,b550be6cd9ce484b959156ea2d2893e5,-5.8826e-06,315522376.0,-0.0004717207,,
68ba96d6e7ae,1785351658.3402374,HYPE,SHORT,consolidation,high_volatility,3,"regime_trend,confidence_scorer,multi_tier_quality",82.12426952052382,,,1.0,2.41,LLM_EXIT_HIGH,54.701,,55.2185,-3.26,0.31,0.0001,-3.57,4821.7,0.13,74,0.1476,-0.453,0,,cf04b663563d4ab8be51d60eabdd0091,9.3281e-06,1227570089.0,-6.03677e-05,,
ce0cef34a1f4,1785359105.0046082,HYPE,SHORT,consolidation,high_volatility,4,"regime_trend,confidence_scorer,multi_tier_quality,bollinger_squeeze",95.0,,,2.5,0.53,LLM_EXIT_HIGH,53.4752,,53.6875,-8.11,1.84,0.0,-9.95,4811.74,0.34,64,0.135,-0.055,0,,3b85e7974bc04ab79195145b5cd523f9,1.25e-05,1217364946.0,7.45498e-05,,
03df52b0e32f,1785363081.8995023,NEAR,SHORT,consolidation,high_volatility,3,"regime_trend,confidence_scorer,multi_tier_quality",95.0,,,3.0,1.00,LLM_EXIT_HIGH,1.583,,1.59755,-46.75,4.6,0.0005,-51.35,4760.39,1.4,43,0.3781,-0.118,0,,d345738347654d39b75a6de1cdfe8cef,,,,,
b19a5b03bbb2,1789417387.450713,SOL,SHORT,consolidation,consolidation,1,mean_reversion,69.49354016540175,,,2.5,0.79,SL,103.155,,104.455,-4.17,0.3,0.0,-4.47,4755.92,0.0,50,0.2586,-0.498,0,,c9a3732448184711bd1613050e58b27a,1.25e-05,541441308.0,-0.0002417444,,
206d46e2ec98,1790019082.2431984,NEAR,SHORT,consolidation,high_volatility,2,"confidence_scorer,funding_rate",70.45859,,,2.0,1.09,LLM_EXIT_HIGH,3.985,,4.0837,-24.04,0.88,0.0005,-24.93,4730.99,0.0,20,0.0489,-0.348,0,,dd1432767d80426cad107f5fbd0a1840,,,,,
6bdc8b7c1442,1790022568.3650322,SOL,LONG,trend,high_volatility,2,"confidence_scorer,oi_delta",75.0,,,2.5,5.45,LLM_EXIT_AGENT,118.327,,118.525,0.05,0.03,-0.0,0.02,4731.02,-0.0,26,0.2158,0.016,1,,9d5ac6a2e60843f5a32041bb37a87916,1.84782e-05,732119158.0,-0.000252738,,
52489a7f27aa,1790033356.6452527,XRP,LONG,consolidation,high_volatility,2,"confidence_scorer,oi_delta",75.0,,,1.5,1.10,SL,1.5608,,1.552996,-0.08,0.01,-0.0,-0.09,4730.92,0.0,34,0.2069,-0.166,0,,271b02da294643fea4c310b30b2a91fa,8.43714e-05,287937461.0,0.0009001479,,
982c1110adf7,1790272955.996099,XRP,LONG,consolidation,high_volatility,2,"confidence_scorer,oi_delta",61.99999999999999,,,1.0,1.00,LLM_EXIT_HIGH,1.5325,,1.52575,-0.12,0.02,-0.0,-0.15,4730.78,0.0,59,-0.1424,-0.249,0,,e3349b1e571d4bcd8ee968d9bf8746ec,1.25e-05,289644296.0,-0.0004706128,,
0947518d80e9,1790345709.2588778,NEAR,LONG,consolidation,range,3,"confidence_scorer,multi_tier_quality,oi_delta",83.0,,,1.5,2.42,SL,5.006,,5.05285,1.42,0.14,-0.0,1.28,4732.06,-0.02,73,0.1725,0.144,1,,bb7c739bff0a47adbbc1ad024f183d0d,,,,,
6b5fd246e2c8,1790355217.8146768,XRP,LONG,consolidation,consolidation,3,"confidence_scorer,multi_tier_quality,bollinger_squeeze",78.0,,,1.5,1.51,LLM_EXIT_HIGH,1.5913,,1.57075,-0.21,0.01,-0.0,-0.22,4731.84,-0.02,88,0.3324,-0.216,0,,e818d442dc9e43c9afd44c5319bf5bba,1.25e-05,315118559.0,0.0001262307,,
b1ecbc314563,1790358371.8419702,SOL,LONG,consolidation,consolidation,2,"confidence_scorer,multi_tier_quality",71.0,,,2.0,1.52,LLM_EXIT_HIGH,120.897,,121.205,0.08,0.03,-0.0,0.05,4732.21,-0.03,43,0.4043,0.053,1,,6d74767f55f747b6a5489f6f0b0463ac,1.25e-05,730968341.0,-0.0001664863,,
532a760f5553,1790360470.6536245,ETH,LONG,consolidation,consolidation,3,"confidence_scorer,multi_tier_quality,bollinger_squeeze",73.0,,,1.0,3.78,LLM_EXIT_HIGH,2687.52,,2682.45,-0.11,0.05,-0.0,-0.16,4732.17,-0.02,11,0.3632,-0.271,0,,b17b140e248942c49476113ff2f9f67c,1.25e-05,2952884851.0,-7.43412e-05,,
77974dd8b681,1790365662.26947,HYPE,SHORT,consolidation,consolidation,2,"confidence_scorer,multi_tier_quality",65.0,,,1.0,5.32,LLM_EXIT_CRITICAL,91.6448,,91.8315,0.29,0.29,0.0,0.0,4731.73,-0.02,69,0.132,0.0,1,,83d028b0b1344f3387fa1a389ef271ef,1.07853e-05,1921899419.0,0.0003373643,,
c0ed9d9db65b,1790397494.8660157,SOL,LONG,consolidation,consolidation,2,"confidence_scorer,multi_tier_quality",73.0,,,1.5,6.28,SL,121.887,,120.385,-0.15,0.01,-0.0,-0.16,4731.57,-0.01,91,0.3775,-0.393,0,,e7998e6fbfc6434d89687a023edb6293,1.25e-05,750047098.0,0.000901288,,
3e5950671ae3,1790398609.4724386,XRP,LONG,consolidation,range,2,"confidence_scorer,multi_tier_quality",76.0,,,3.0,2.27,LLM_EXIT_HIGH,1.5708,,1.55615,-0.31,0.03,-0.0,-0.34,4731.23,-0.01,27,0.2615,-0.236,0,,9f37ff69940e460cae5df0c4a3f0a4d7,1.25e-05,308790704.0,0.0002230933,,
c513274bd231,1790477909.623577,NEAR,LONG,consolidation,consolidation,4,"confidence_scorer,multi_tier_quality,oi_delta,bollinger_squeeze",83.0,,,1.0,1.10,LLM_EXIT_HIGH,5.099,,5.06165,-0.13,0.02,-0.0,-0.15,4731.08,-0.0,29,0.2069,-0.256,0,,9082c8bc1da14d5a9c7d5465392fca2b,,,,,
f50c94986b5e,1790535407.8200874,NEAR,SHORT,consolidation,high_volatility,2,"confidence_scorer,funding_rate",75.153103,,,3.0,0.45,LLM_EXIT_HIGH,5.301,,5.3808,-8.2,0.49,0.0001,-8.7,4722.39,0.0,98,0.0356,-0.136,0,,74d680a2e9574747ba9b7e257c718a46,,,,,
e7e512335faa,1790606653.9843214,NEAR,LONG,consolidation,high_volatility,1,mean_reversion,79.14299796513002,,,2.0,4.44,SL,5.001,,5.034202500000001,0.29,0.01,-0.0,0.28,4722.66,-0.0,54,0.1372,0.308,1,,147042c8f33149349c2f78f120ac0bb3,,,,,
185896665056,1790966455.8913147,XRP,SHORT,consolidation,high_volatility,2,"confidence_scorer,funding_rate",60.00754700000001,,,2.0,0.43,LLM_EXIT_HIGH,1.4974,,1.48115,55.23,4.56,0.0004,50.68,4773.34,-1.07,10,0.2575,0.355,1,,d0d6675cee6c48ee94a1897c00280115,1.25e-05,293768685.0,-7.69743e-05,,
0577c1b4c721,1791421129.9117572,NEAR,LONG,consolidation,high_volatility,4,"confidence_scorer,multi_tier_quality,oi_delta,bollinger_squeeze",75.0,,,2.0,2.78,SL,5.32,,5.32225,0.11,0.01,-0.0,0.1,4773.44,0.0,49,0.2586,0.083,1,,3c00af5288c7463f9db16679233f3f84,,,,,
052936e43c76,1791511058.911097,NEAR,SHORT,consolidation,high_volatility,2,"confidence_scorer,funding_rate",70.178264,,,2.0,16.74,TRAILING_STOP,5.221,,4.65975,16.19,0.9,0.0,15.29,4788.73,0.0,66,0.2943,0.212,1,,527e6e9edb3d477ebf5543c72fbd811e,,,,,thesis_20261008_091302_58
a613728acdd2,1791602780.1104896,NEAR,LONG,consolidation,consolidation,3,"confidence_scorer,oi_delta,bollinger_squeeze",61.99999999999999,,,2.0,1.63,SL,4.965,,4.96055,-0.02,0.02,-0.0,-0.03,4788.7,0.0,22,-0.1318,-0.026,0,,7d26ec8f671e4301a1487b7d1a8d1bbc,1.25e-05,358302817.0,0.0002884518,2cfc3d06-993,thesis_20261010_014755_20
